"animal_id","ch","birth_site","birth_year","capture_hx"
"270-2007-1-001","111111110100000","West Yana_DMP","2007",111111110100000
"270-2007-1-003","100000000000000","West Yana_DMP","2007",100000000000000
"270-2007-1-006","111111111110000","West Yana_DMP","2007",111111111110000
"270-2007-1-007","111111011000000","West Yana_DMP","2007",111111011000000
"270-2007-1-009","100000000000000","West Yana_DMP","2007",100000000000000
"270-2007-1-010","100000000000000","West Yana_DMP","2007",100000000000000
"270-2007-1-011","101111110010000","West Yana_DMP","2007",101111110010000
"270-2007-1-012","111111011110100","West Yana_DMP","2007",111111011110100
"270-2007-1-013","100000000000000","West Yana_DMP","2007",100000000000000
"270-2007-1-051","111111111110000","West Yana_DMP","2007",111111111110000
"270-2007-1-053","111000000000000","West Yana_DMP","2007",111000000000000
"270-2007-1-056","111111111100000","West Yana_DMP","2007",111111111100000
"270-2007-1-057","111111111111000","West Yana_DMP","2007",111111111111000
"270-2007-1-058","111000000000000","West Yana_DMP","2007",111000000000000
"270-2007-1-061","110000000000000","West Yana_DMP","2007",110000000000000
"270-2007-1-062","100000000000000","West Yana_DMP","2007",100000000000000
"270-2007-1-065","111111100000000","West Yana_DMP","2007",111111100000000
"270-2007-1-066","111111111100000","West Yana_DMP","2007",111111111100000
"270-2008-1-003","010000000000000","West Yana_DMP","2008",10000000000000
"270-2008-1-006","011000000000000","West Yana_DMP","2008",11000000000000
"270-2008-1-008","011111110000000","West Yana_DMP","2008",11111110000000
"270-2008-1-011","011111111000000","West Yana_DMP","2008",11111111000000
"270-2008-1-012","011111111110000","West Yana_DMP","2008",11111111110000
"270-2008-1-013","011111111110000","West Yana_DMP","2008",11111111110000
"270-2008-1-014","011111111100000","West Yana_DMP","2008",11111111100000
"270-2008-1-016","010000000000000","West Yana_DMP","2008",10000000000000
"270-2008-1-017","011111111111100","West Yana_DMP","2008",11111111111100
"270-2008-1-018","011101101111000","West Yana_DMP","2008",11101101111000
"270-2008-1-019","011111110000000","West Yana_DMP","2008",11111110000000
"270-2008-1-020","010000000000000","West Yana_DMP","2008",10000000000000
"270-2008-1-022","011111111100000","West Yana_DMP","2008",11111111100000
"270-2008-1-025","010000000000000","West Yana_DMP","2008",10000000000000
"270-2008-1-027","010000000000000","West Yana_DMP","2008",10000000000000
"270-2008-1-028","011111110000000","West Yana_DMP","2008",11111110000000
"270-2009-1-002","001111111111000","West Yana_DMP","2009",1111111111000
"270-2009-1-005","001000000000000","West Yana_DMP","2009",1000000000000
"270-2009-1-008","001000000000000","West Yana_DMP","2009",1000000000000
"270-2009-1-009","001111111111110","West Yana_DMP","2009",1111111111110
"270-2009-1-010","001111110000000","West Yana_DMP","2009",1111110000000
"270-2009-1-011","001111111000000","West Yana_DMP","2009",1111111000000
"270-2009-1-012","001111111110000","West Yana_DMP","2009",1111111110000
"270-2009-1-013","001100000000000","West Yana_DMP","2009",1100000000000
"270-2009-1-020","001111111100000","West Yana_DMP","2009",1111111100000
"270-2009-1-021","001111111100000","West Yana_DMP","2009",1111111100000
"270-2009-1-022","001000000000000","West Yana_DMP","2009",1000000000000
"270-2009-1-023","001111111110000","West Yana_DMP","2009",1111111110000
"270-2009-1-024","001111111111110","West Yana_DMP","2009",1111111111110
"270-2009-1-029","001000000000000","West Yana_DMP","2009",1000000000000
"270-2009-1-032","001000000000000","West Yana_DMP","2009",1000000000000
"270-2009-1-033","001110100000000","West Yana_DMP","2009",1110100000000
"270-2009-1-038","001111100000000","West Yana_DMP","2009",1111100000000
"270-2010-1-001","000111111111110","West Yana_DMP","2010",111111111110
"270-2010-1-003","000111111111000","West Yana_DMP","2010",111111111000
"270-2010-1-004","000111000000000","West Yana_DMP","2010",111000000000
"270-2010-1-005","000111111111110","West Yana_DMP","2010",111111111110
"270-2010-1-006","000111111111100","West Yana_DMP","2010",111111111100
"270-2010-1-007","000101111111110","West Yana_DMP","2010",101111111110
"270-2010-1-009","000111101111110","West Yana_DMP","2010",111101111110
"270-2010-1-010","000111111111110","West Yana_DMP","2010",111111111110
"270-2010-1-013","000110000111100","West Yana_DMP","2010",110000111100
"270-2010-1-014","000111000000000","West Yana_DMP","2010",111000000000
"270-2010-1-015","000100000000000","West Yana_DMP","2010",100000000000
"270-2010-1-019","000111111111110","West Yana_DMP","2010",111111111110
"270-2010-1-020","000100000000000","West Yana_DMP","2010",100000000000
"270-2010-1-021","000111111111110","West Yana_DMP","2010",111111111110
"270-2010-1-023","000110000111110","West Yana_DMP","2010",110000111110
"270-2010-1-025","000110000111100","West Yana_DMP","2010",110000111100
"270-2010-1-027","000111111111000","West Yana_DMP","2010",111111111000
"270-2010-1-028","000111111111110","West Yana_DMP","2010",111111111110
"270-2010-1-035","000100000000000","West Yana_DMP","2010",100000000000
"270-2010-1-038","000111111011110","West Yana_DMP","2010",111111011110
"270-2010-1-039","000111111110000","West Yana_DMP","2010",111111110000
"270-2010-1-084","000100000000000","West Yana_DMP","2010",100000000000
"270-2010-1-086","000111101111010","West Yana_DMP","2010",111101111010
"270-2010-1-087","000110000111110","West Yana_DMP","2010",110000111110
"270-2010-1-088","000100000000000","West Yana_DMP","2010",100000000000
"270-2010-1-089","000100000000000","West Yana_DMP","2010",100000000000
"270-2011-0-335","000011111111110","West Yana_Pasture","2011",11111111110
"270-2011-0-336","000011111111110","West Yana_Pasture","2011",11111111110
"270-2011-0-337","000011111111110","West Yana_Pasture","2011",11111111110
"270-2011-0-338","000011111111110","West Yana_Pasture","2011",11111111110
"270-2011-0-339","000011111111000","West Yana_Pasture","2011",11111111000
"270-2011-0-340","000011111111000","West Yana_Pasture","2011",11111111000
"270-2011-0-341","000011110111010","West Yana_Pasture","2011",11110111010
"270-2011-0-342","000011100000000","West Yana_Pasture","2011",11100000000
"270-2011-0-343","000011111111000","West Yana_Pasture","2011",11111111000
"270-2011-0-344","000011000000000","West Yana_Pasture","2011",11000000000
"270-2011-0-345","000011111110000","West Yana_Pasture","2011",11111110000
"270-2011-1-202","000010000000000","West Yana_DMP","2011",10000000000
"270-2011-1-206","000010000000000","West Yana_DMP","2011",10000000000
"270-2011-1-209","000010111000000","West Yana_DMP","2011",10111000000
"270-2011-1-213","000011111111110","West Yana_DMP","2011",11111111110
"270-2011-1-215","000011111111110","West Yana_DMP","2011",11111111110
"270-2011-1-224","000010000000000","West Yana_DMP","2011",10000000000
"270-2011-1-225","000011110111110","West Yana_DMP","2011",11110111110
"270-2011-1-242","000011111101100","West Yana_DMP","2011",11111101100
"270-2011-1-243","000010000000000","West Yana_DMP","2011",10000000000
"270-2011-1-244","000011110000000","West Yana_DMP","2011",11110000000
"270-2011-1-246","000011110111110","West Yana_DMP","2011",11110111110
"270-2011-1-247","000011110000000","West Yana_DMP","2011",11110000000
"270-2011-1-248","000011101111110","West Yana_DMP","2011",11101111110
"270-2011-1-249","000010110000000","West Yana_DMP","2011",10110000000
"270-2011-1-250","000011111100000","West Yana_DMP","2011",11111100000
"270-2011-1-260","000011111111110","West Yana_DMP","2011",11111111110
"270-2011-1-261","000011111111110","West Yana_DMP","2011",11111111110
"270-2011-1-266","000010000000000","West Yana_DMP","2011",10000000000
"270-2011-1-268","000011111110000","West Yana_DMP","2011",11111110000
"270-2011-1-269","000011111111110","West Yana_DMP","2011",11111111110
"270-2011-1-295","000011111111010","West Yana_DMP","2011",11111111010
"270-2011-1-300","000010000000000","West Yana_DMP","2011",10000000000
"270-2011-1-318","000010000000000","West Yana_DMP","2011",10000000000
"270-2011-1-321","000011100000000","West Yana_DMP","2011",11100000000
"270-2011-1-322","000011111111000","West Yana_DMP","2011",11111111000
"270-2011-1-333","000011111111110","West Yana_DMP","2011",11111111110
"270-2012-0-152","000001000000000","West Yana_Pasture","2012",1000000000
"270-2012-0-153","000001111111110","West Yana_Pasture","2012",1111111110
"270-2012-0-330","000001111111110","West Yana_Pasture","2012",1111111110
"270-2012-0-331","000001111100000","West Yana_Pasture","2012",1111100000
"270-2012-0-332","000001110000000","West Yana_Pasture","2012",1110000000
"270-2012-0-333","000001111111110","West Yana_Pasture","2012",1111111110
"270-2012-0-334","000001111111110","West Yana_Pasture","2012",1111111110
"270-2012-0-335","000001111000000","West Yana_Pasture","2012",1111000000
"270-2012-0-336","000001000000000","West Yana_Pasture","2012",1000000000
"270-2012-0-337","000001111111110","West Yana_Pasture","2012",1111111110
"270-2012-0-338","000001111000000","West Yana_Pasture","2012",1111000000
"270-2012-0-339","000001110000000","West Yana_Pasture","2012",1110000000
"270-2012-0-340","000001111111110","West Yana_Pasture","2012",1111111110
"270-2012-0-341","000001111111110","West Yana_Pasture","2012",1111111110
"270-2012-0-342","000001111111110","West Yana_Pasture","2012",1111111110
"270-2012-0-343","000001111110000","West Yana_Pasture","2012",1111110000
"270-2012-0-344","000001111111110","West Yana_Pasture","2012",1111111110
"270-2012-0-345","000001110100000","West Yana_Pasture","2012",1110100000
"270-2012-1-207","000001111111000","West Yana_DMP","2012",1111111000
"270-2012-1-208","000001000000000","West Yana_DMP","2012",1000000000
"270-2012-1-224","000001111000000","West Yana_DMP","2012",1111000000
"270-2012-1-228","000001000000000","West Yana_DMP","2012",1000000000
"270-2012-1-229","000001111111100","West Yana_DMP","2012",1111111100
"270-2012-1-230","000001101111110","West Yana_DMP","2012",1101111110
"270-2012-1-231","000001111100000","West Yana_DMP","2012",1111100000
"270-2012-1-232","000001000000000","West Yana_DMP","2012",1000000000
"270-2012-1-233","000001111111110","West Yana_DMP","2012",1111111110
"270-2012-1-236","000001101111010","West Yana_DMP","2012",1101111010
"270-2012-1-237","000001101111110","West Yana_DMP","2012",1101111110
"270-2012-1-238","000001000000000","West Yana_DMP","2012",1000000000
"270-2012-1-248","000001111111110","West Yana_DMP","2012",1111111110
"270-2012-1-250","000001000000000","West Yana_DMP","2012",1000000000
"270-2012-1-260","000001111100000","West Yana_DMP","2012",1111100000
"270-2012-1-262","000001111111110","West Yana_DMP","2012",1111111110
"270-2012-1-263","000001111011110","West Yana_DMP","2012",1111011110
"270-2012-1-265","000001111110000","West Yana_DMP","2012",1111110000
"270-2012-1-266","000001011111110","West Yana_DMP","2012",1011111110
"270-2012-1-274","000001000000000","West Yana_DMP","2012",1000000000
"270-2012-1-277","000001111111100","West Yana_DMP","2012",1111111100
"270-2012-1-278","000001111111110","West Yana_DMP","2012",1111111110
"270-2012-1-284","000001000000000","West Yana_DMP","2012",1000000000
"270-2012-1-305","000001000000000","West Yana_DMP","2012",1000000000
"270-2012-1-314","000001111100000","West Yana_DMP","2012",1111100000
"270-2013-0-258","000000111110000","West Yana_Pasture","2013",111110000
"270-2013-0-259","000000100000000","West Yana_Pasture","2013",100000000
"270-2013-0-260","000000111111110","West Yana_Pasture","2013",111111110
"270-2013-0-261","000000111000000","West Yana_Pasture","2013",111000000
"270-2013-0-262","000000111111110","West Yana_Pasture","2013",111111110
"270-2013-0-263","000000111111110","West Yana_Pasture","2013",111111110
"270-2013-0-264","000000111111110","West Yana_Pasture","2013",111111110
"270-2013-0-265","000000111110000","West Yana_Pasture","2013",111110000
"270-2013-0-266","000000111111100","West Yana_Pasture","2013",111111100
"270-2013-0-267","000000111111110","West Yana_Pasture","2013",111111110
"270-2013-0-268","000000111110000","West Yana_Pasture","2013",111110000
"270-2013-0-269","000000111111110","West Yana_Pasture","2013",111111110
"270-2013-0-270","000000110000000","West Yana_Pasture","2013",110000000
"270-2013-0-271","000000111111110","West Yana_Pasture","2013",111111110
"270-2013-0-272","000000111110000","West Yana_Pasture","2013",111110000
"270-2013-1-202","000000111111110","West Yana_DMP","2013",111111110
"270-2013-1-204","000000111111110","West Yana_DMP","2013",111111110
"270-2013-1-205","000000111000000","West Yana_DMP","2013",111000000
"270-2013-1-210","000000111111100","West Yana_DMP","2013",111111100
"270-2013-1-212","000000111100000","West Yana_DMP","2013",111100000
"270-2013-1-216","000000111111110","West Yana_DMP","2013",111111110
"270-2013-1-217","000000100000000","West Yana_DMP","2013",100000000
"270-2013-1-225","000000110000000","West Yana_DMP","2013",110000000
"270-2013-1-227","000000110000000","West Yana_DMP","2013",110000000
"270-2013-1-230","000000100000010","West Yana_DMP","2013",100000010
"270-2013-1-231","000000111111110","West Yana_DMP","2013",111111110
"270-2013-1-232","000000100000000","West Yana_DMP","2013",100000000
"270-2013-1-234","000000111100000","West Yana_DMP","2013",111100000
"270-2013-1-238","000000111111110","West Yana_DMP","2013",111111110
"270-2013-1-239","000000111111110","West Yana_DMP","2013",111111110
"270-2013-1-242","000000100000000","West Yana_DMP","2013",100000000
"270-2013-1-246","000000111110000","West Yana_DMP","2013",111110000
"270-2013-1-249","000000100000000","West Yana_DMP","2013",100000000
"270-2013-1-252","000000111111110","West Yana_DMP","2013",111111110
"270-2013-1-254","000000111000000","West Yana_DMP","2013",111000000
"270-2013-1-256","000000111111110","West Yana_DMP","2013",111111110
"270-2013-1-257","000000100000000","West Yana_DMP","2013",100000000
"270-2014-0-441","000000011000000","West Yana_Pasture","2014",11000000
"270-2014-0-442","000000010000000","West Yana_Pasture","2014",10000000
"270-2014-0-443","000000011111110","West Yana_Pasture","2014",11111110
"270-2014-0-444","000000011111110","West Yana_Pasture","2014",11111110
"270-2014-0-445","000000010000000","West Yana_Pasture","2014",10000000
"270-2014-0-446","000000011111110","West Yana_Pasture","2014",11111110
"270-2014-0-447","000000011111100","West Yana_Pasture","2014",11111100
"270-2014-0-448","000000011110100","West Yana_Pasture","2014",11110100
"270-2014-0-449","000000011111110","West Yana_Pasture","2014",11111110
"270-2014-0-450","000000011111110","West Yana_Pasture","2014",11111110
"270-2014-0-451","000000011111110","West Yana_Pasture","2014",11111110
"270-2014-0-452","000000011111110","West Yana_Pasture","2014",11111110
"270-2014-0-453","000000011011110","West Yana_Pasture","2014",11011110
"270-2014-0-454","000000011111110","West Yana_Pasture","2014",11111110
"270-2014-0-455","000000011111110","West Yana_Pasture","2014",11111110
"270-2014-1-402","000000010000000","West Yana_DMP","2014",10000000
"270-2014-1-403","000000011111110","West Yana_DMP","2014",11111110
"270-2014-1-406","000000010000000","West Yana_DMP","2014",10000000
"270-2014-1-407","000000011111110","West Yana_DMP","2014",11111110
"270-2014-1-410","000000011111110","West Yana_DMP","2014",11111110
"270-2014-1-411","000000011111110","West Yana_DMP","2014",11111110
"270-2014-1-412","000000010000000","West Yana_DMP","2014",10000000
"270-2014-1-413","000000010000000","West Yana_DMP","2014",10000000
"270-2014-1-414","000000011111110","West Yana_DMP","2014",11111110
"270-2014-1-416","000000011000000","West Yana_DMP","2014",11000000
"270-2014-1-418","000000010000000","West Yana_DMP","2014",10000000
"270-2014-1-421","000000010000000","West Yana_DMP","2014",10000000
"270-2014-1-422","000000011111110","West Yana_DMP","2014",11111110
"270-2014-1-423","000000011100000","West Yana_DMP","2014",11100000
"270-2014-1-428","000000011111000","West Yana_DMP","2014",11111000
"270-2014-1-429","000000010000000","West Yana_DMP","2014",10000000
"270-2014-1-434","000000011111100","West Yana_DMP","2014",11111100
"270-2014-1-438","000000011111110","West Yana_DMP","2014",11111110
"270-2014-1-439","000000011000000","West Yana_DMP","2014",11000000
"270-2014-1-440","000000011110000","West Yana_DMP","2014",11110000
"270-2015-0-547","000000001111110","West Yana_Pasture","2015",1111110
"270-2015-0-548","000000001100000","West Yana_Pasture","2015",1100000
"270-2015-0-549","000000001111110","West Yana_Pasture","2015",1111110
"270-2015-0-550","000000001000000","West Yana_Pasture","2015",1000000
"270-2015-0-551","000000001111110","West Yana_Pasture","2015",1111110
"270-2015-0-552","000000001111110","West Yana_Pasture","2015",1111110
"270-2015-0-553","000000001111110","West Yana_Pasture","2015",1111110
"270-2015-0-554","000000001000000","West Yana_Pasture","2015",1000000
"270-2015-0-555","000000001111110","West Yana_Pasture","2015",1111110
"270-2015-0-556","000000001000000","West Yana_Pasture","2015",1000000
"270-2015-0-557","000000001111110","West Yana_Pasture","2015",1111110
"270-2015-0-558","000000001111110","West Yana_Pasture","2015",1111110
"270-2015-0-582","000000001111110","West Yana_Pasture","2015",1111110
"270-2015-0-583","000000001111110","West Yana_Pasture","2015",1111110
"270-2015-0-584","000000001000000","West Yana_Pasture","2015",1000000
"270-2015-0-585","000000001000000","West Yana_Pasture","2015",1000000
"270-2015-0-586","000000001111110","West Yana_Pasture","2015",1111110
"270-2015-0-587","000000001100000","West Yana_Pasture","2015",1100000
"270-2015-0-588","000000001100000","West Yana_Pasture","2015",1100000
"270-2015-0-589","000000001111110","West Yana_Pasture","2015",1111110
"270-2015-1-503","000000001000000","West Yana_DMP","2015",1000000
"270-2015-1-504","000000001000000","West Yana_DMP","2015",1000000
"270-2015-1-507","000000001110000","West Yana_DMP","2015",1110000
"270-2015-1-508","000000001111110","West Yana_DMP","2015",1111110
"270-2015-1-510","000000001111200","West Yana_DMP","2015",1111200
"270-2015-1-516","000000001111110","West Yana_DMP","2015",1111110
"270-2015-1-517","000000001000000","West Yana_DMP","2015",1000000
"270-2015-1-518","000000001111110","West Yana_DMP","2015",1111110
"270-2015-1-519","000000001000000","West Yana_DMP","2015",1000000
"270-2015-1-520","000000001100000","West Yana_DMP","2015",1100000
"270-2015-1-522","000000001111110","West Yana_DMP","2015",1111110
"270-2015-1-524","000000001111110","West Yana_DMP","2015",1111110
"270-2015-1-525","000000001000000","West Yana_DMP","2015",1000000
"270-2015-1-527","000000001000000","West Yana_DMP","2015",1000000
"270-2015-1-528","000000001000000","West Yana_DMP","2015",1000000
"270-2015-1-529","000000001000000","West Yana_DMP","2015",1000000
"270-2015-1-533","000000001000000","West Yana_DMP","2015",1000000
"270-2015-1-534","000000001000000","West Yana_DMP","2015",1000000
"270-2015-1-535","000000001000000","West Yana_DMP","2015",1000000
"270-2015-1-536","000000001000000","West Yana_DMP","2015",1000000
"270-2015-1-538","000000001000000","West Yana_DMP","2015",1000000
"270-2015-1-540","000000001000000","West Yana_DMP","2015",1000000
"270-2015-1-543","000000001000000","West Yana_DMP","2015",1000000
"270-2015-1-545","000000001000000","West Yana_DMP","2015",1000000
"270-2016-0-647","000000000110000","West Yana_Pasture","2016",110000
"270-2016-0-648","000000000111010","West Yana_Pasture","2016",111010
"270-2016-0-649","000000000100000","West Yana_Pasture","2016",100000
"270-2016-0-650","000000000111110","West Yana_Pasture","2016",111110
"270-2016-0-651","000000000111110","West Yana_Pasture","2016",111110
"270-2016-0-652","000000000110000","West Yana_Pasture","2016",110000
"270-2016-0-653","000000000111110","West Yana_Pasture","2016",111110
"270-2016-0-654","000000000111110","West Yana_Pasture","2016",111110
"270-2016-0-655","000000000111100","West Yana_Pasture","2016",111100
"270-2016-0-656","000000000100000","West Yana_Pasture","2016",100000
"270-2016-0-657","000000000100000","West Yana_Pasture","2016",100000
"270-2016-0-673","000000000111110","West Yana_Pasture","2016",111110
"270-2016-0-674","000000000110000","West Yana_Pasture","2016",110000
"270-2016-0-675","000000000111110","West Yana_Pasture","2016",111110
"270-2016-0-676","000000000111110","West Yana_Pasture","2016",111110
"270-2016-0-677","000000000111110","West Yana_Pasture","2016",111110
"270-2016-1-601","000000000100000","West Yana_DMP","2016",100000
"270-2016-1-602","000000000100000","West Yana_DMP","2016",100000
"270-2016-1-603","000000000111100","West Yana_DMP","2016",111100
"270-2016-1-604","000000000100000","West Yana_DMP","2016",100000
"270-2016-1-606","000000000111110","West Yana_DMP","2016",111110
"270-2016-1-607","000000000111110","West Yana_DMP","2016",111110
"270-2016-1-608","000000000111110","West Yana_DMP","2016",111110
"270-2016-1-609","000000000100000","West Yana_DMP","2016",100000
"270-2016-1-610","000000000100000","West Yana_DMP","2016",100000
"270-2016-1-613","000000000111000","West Yana_DMP","2016",111000
"270-2016-1-615","000000000111110","West Yana_DMP","2016",111110
"270-2016-1-616","000000000100000","West Yana_DMP","2016",100000
"270-2016-1-618","000000000110000","West Yana_DMP","2016",110000
"270-2016-1-619","000000000111100","West Yana_DMP","2016",111100
"270-2016-1-620","000000000100000","West Yana_DMP","2016",100000
"270-2016-1-622","000000000111110","West Yana_DMP","2016",111110
"270-2016-1-624","000000000110000","West Yana_DMP","2016",110000
"270-2016-1-627","000000000100000","West Yana_DMP","2016",100000
"270-2016-1-628","000000000100000","West Yana_DMP","2016",100000
"270-2016-1-629","000000000100000","West Yana_DMP","2016",100000
"270-2016-1-630","000000000100000","West Yana_DMP","2016",100000
"270-2016-1-631","000000000100000","West Yana_DMP","2016",100000
"270-2016-1-632","000000000111110","West Yana_DMP","2016",111110
"270-2016-1-634","000000000111000","West Yana_DMP","2016",111000
"270-2016-1-637","000000000100000","West Yana_DMP","2016",100000
"270-2016-1-640","000000000100000","West Yana_DMP","2016",100000
"270-2016-1-642","000000000111110","West Yana_DMP","2016",111110
"270-2016-1-643","000000000110110","West Yana_DMP","2016",110110
"270-2017-0-744","000000000011100","West Yana_Pasture","2017",11100
"270-2017-0-745","000000000011110","West Yana_Pasture","2017",11110
"270-2017-0-746","000000000010000","West Yana_Pasture","2017",10000
"270-2017-0-747","000000000011110","West Yana_Pasture","2017",11110
"270-2017-0-748","000000000011110","West Yana_Pasture","2017",11110
"270-2017-0-749","000000000011110","West Yana_Pasture","2017",11110
"270-2017-1-703","000000000011110","West Yana_DMP","2017",11110
"270-2017-1-704","000000000010000","West Yana_DMP","2017",10000
"270-2017-1-707","000000000011100","West Yana_DMP","2017",11100
"270-2017-1-709","000000000010000","West Yana_DMP","2017",10000
"270-2017-1-710","000000000010000","West Yana_DMP","2017",10000
"270-2017-1-711","000000000011110","West Yana_DMP","2017",11110
"270-2017-1-713","000000000010000","West Yana_DMP","2017",10000
"270-2017-1-714","000000000010000","West Yana_DMP","2017",10000
"270-2017-1-717","000000000011110","West Yana_DMP","2017",11110
"270-2017-1-719","000000000011110","West Yana_DMP","2017",11110
"270-2017-1-720","000000000010000","West Yana_DMP","2017",10000
"270-2017-1-721","000000000010000","West Yana_DMP","2017",10000
"270-2017-1-722","000000000011110","West Yana_DMP","2017",11110
"270-2017-1-726","000000000010000","West Yana_DMP","2017",10000
"270-2017-1-729","000000000010000","West Yana_DMP","2017",10000
"270-2017-1-733","000000000010000","West Yana_DMP","2017",10000
"270-2017-1-736","000000000010000","West Yana_DMP","2017",10000
"270-2017-1-737","000000000010000","West Yana_DMP","2017",10000
"270-2017-1-738","000000000010000","West Yana_DMP","2017",10000
"270-2017-1-739","000000000010000","West Yana_DMP","2017",10000
"270-2018-0-862","000000000001110","West Yana_Pasture","2018",1110
"270-2018-0-863","000000000001110","West Yana_Pasture","2018",1110
"270-2018-0-864","000000000001110","West Yana_Pasture","2018",1110
"270-2018-1-802","000000000001110","West Yana_DMP","2018",1110
"270-2018-1-804","000000000001000","West Yana_DMP","2018",1000
"270-2018-1-805","000000000001110","West Yana_DMP","2018",1110
"270-2018-1-806","000000000001000","West Yana_DMP","2018",1000
"270-2018-1-808","000000000001110","West Yana_DMP","2018",1110
"270-2018-1-815","000000000001110","West Yana_DMP","2018",1110
"270-2018-1-817","000000000001110","West Yana_DMP","2018",1110
"270-2018-1-818","000000000001110","West Yana_DMP","2018",1110
"270-2018-1-822","000000000001110","West Yana_DMP","2018",1110
"270-2018-1-823","000000000001000","West Yana_DMP","2018",1000
"270-2018-1-824","000000000001110","West Yana_DMP","2018",1110
"270-2018-1-825","000000000001000","West Yana_DMP","2018",1000
"270-2018-1-826","000000000001010","West Yana_DMP","2018",1010
"270-2018-1-827","000000000001000","West Yana_DMP","2018",1000
"270-2018-1-831","000000000001000","West Yana_DMP","2018",1000
"270-2018-1-832","000000000001110","West Yana_DMP","2018",1110
"270-2018-1-834","000000000001110","West Yana_DMP","2018",1110
"270-2018-1-835","000000000001010","West Yana_DMP","2018",1010
"270-2018-1-837","000000000001000","West Yana_DMP","2018",1000
"270-2018-1-839","000000000001000","West Yana_DMP","2018",1000
"270-2019-0-943","000000000000110","West Yana_Pasture","2019",110
"270-2019-0-944","000000000000110","West Yana_Pasture","2019",110
"270-2019-0-945","000000000000110","West Yana_Pasture","2019",110
"270-2019-0-946","000000000000110","West Yana_Pasture","2019",110
"270-2019-0-947","000000000000100","West Yana_Pasture","2019",100
"270-2019-0-960","000000000000000","West Yana_Pasture","2019",0
"270-2019-0-966","000000000000110","West Yana_Pasture","2019",110
"270-2019-1-901","000000000000100","West Yana_DMP","2019",100
"270-2019-1-903","000000000000100","West Yana_DMP","2019",100
"270-2019-1-905","000000000000100","West Yana_DMP","2019",100
"270-2019-1-907","000000000000110","West Yana_DMP","2019",110
"270-2019-1-908","000000000000100","West Yana_DMP","2019",100
"270-2019-1-909","000000000000110","West Yana_DMP","2019",110
"270-2019-1-911","000000000000100","West Yana_DMP","2019",100
"270-2019-1-916","000000000000100","West Yana_DMP","2019",100
"270-2019-1-917","000000000000110","West Yana_DMP","2019",110
"270-2019-1-920","000000000000110","West Yana_DMP","2019",110
"270-2019-1-923","000000000000110","West Yana_DMP","2019",110
"270-2019-1-924","000000000000100","West Yana_DMP","2019",100
"270-2019-1-927","000000000000110","West Yana_DMP","2019",110
"270-2019-1-929","000000000000100","West Yana_DMP","2019",100
"270-2019-1-930","000000000000100","West Yana_DMP","2019",100
"270-2019-1-932","000000000000100","West Yana_DMP","2019",100
"270-2019-1-933","000000000000100","West Yana_DMP","2019",100
"270-2019-1-934","000000000000100","West Yana_DMP","2019",100
"270-2019-1-935","000000000000100","West Yana_DMP","2019",100
"270-2019-1-938","000000000000100","West Yana_DMP","2019",100
"270-2019-1-940","000000000000110","West Yana_DMP","2019",110
"270-2019-1-941","000000000000100","West Yana_DMP","2019",100
"270-2020-0-2093","000000000000010","West Yana_Pasture","2020",10
"270-2020-0-2094","000000000000010","West Yana_Pasture","2020",10
"270-2020-0-2095","000000000000010","West Yana_Pasture","2020",10
"270-2020-1-2001","000000000000010","West Yana_DMP","2020",10
"270-2020-1-2003","000000000000010","West Yana_DMP","2020",10
"270-2020-1-2004","000000000000010","West Yana_DMP","2020",10
"270-2020-1-2007","000000000000010","West Yana_DMP","2020",10
"270-2020-1-2008","000000000000010","West Yana_DMP","2020",10
"270-2020-1-2009","000000000000010","West Yana_DMP","2020",10
"270-2020-1-2010","000000000000010","West Yana_DMP","2020",10
"270-2020-1-2011","000000000000010","West Yana_DMP","2020",10
"270-2020-1-2013","000000000000010","West Yana_DMP","2020",10
"270-2020-1-2014","000000000000010","West Yana_DMP","2020",10
"270-2020-1-2020","000000000000010","West Yana_DMP","2020",10
"270-2020-1-2027","000000000000010","West Yana_DMP","2020",10
"270-2020-1-2028","000000000000010","West Yana_DMP","2020",10
"270-2020-1-2031","000000000000010","West Yana_DMP","2020",10
"270-2020-1-2034","000000000000010","West Yana_DMP","2020",10
"270-2020-1-2037","000000000000010","West Yana_DMP","2020",10
"270-2020-1-2038","000000000000010","West Yana_DMP","2020",10
"270-2020-1-2039","000000000000010","West Yana_DMP","2020",10
"270-2020-1-2040","000000000000010","West Yana_DMP","2020",10
"270-2020-1-2041","000000000000010","West Yana_DMP","2020",10
"270-2021-0-2169","000000000000000","West Yana_Pasture","2021",0
"270-2021-0-2171","000000000000000","West Yana_Pasture","2021",0
"270-2021-0-2172","000000000000000","West Yana_Pasture","2021",0
"270-2021-1-2102","000000000000000","West Yana_DMP","2021",0
"270-2021-1-2106","000000000000000","West Yana_DMP","2021",0
"270-2021-1-2109","000000000000000","West Yana_DMP","2021",0
"270-2021-1-2113","000000000000000","West Yana_DMP","2021",0
"270-2021-1-2121","000000000000000","West Yana_DMP","2021",0
"270-2021-1-2124","000000000000000","West Yana_DMP","2021",0
"270-2021-1-2125","000000000000000","West Yana_DMP","2021",0
"270-2021-1-2126","000000000000000","West Yana_DMP","2021",0
"270-2021-1-2127","000000000000000","West Yana_DMP","2021",0
"270-2021-1-2129","000000000000000","West Yana_DMP","2021",0
"270-2021-1-2130","000000000000000","West Yana_DMP","2021",0
"270-2021-1-2131","000000000000000","West Yana_DMP","2021",0
"270-2021-1-2133","000000000000000","West Yana_DMP","2021",0
"270-2021-1-2136","000000000000000","West Yana_DMP","2021",0
"270-2021-1-2137","000000000000000","West Yana_DMP","2021",0
"270-2021-1-2139","000000000000000","West Yana_DMP","2021",0
"270-2021-1-2141","000000000000000","West Yana_DMP","2021",0
"270-2021-1-2142","000000000000000","West Yana_DMP","2021",0
"90-2007-0-016","111010000000000","East Yana_Pasture","2007",111010000000000
"90-2007-0-017","100000000000000","East Yana_Pasture","2007",100000000000000
"90-2007-0-019","111111111100000","East Yana_Pasture","2007",111111111100000
"90-2007-0-024","111111111000000","East Yana_Pasture","2007",111111111000000
"90-2007-0-027","111111100000000","East Yana_Pasture","2007",111111100000000
"90-2007-0-029","111111110000000","East Yana_Pasture","2007",111111110000000
"90-2007-0-031","111000000000000","East Yana_Pasture","2007",111000000000000
"90-2007-0-032","111000000000000","East Yana_Pasture","2007",111000000000000
"90-2007-0-033","100000000000000","East Yana_Pasture","2007",100000000000000
"90-2007-0-035","100000000000000","East Yana_Pasture","2007",100000000000000
"90-2007-0-036","111111111110000","East Yana_Pasture","2007",111111111110000
"90-2007-0-038","111111110000000","East Yana_Pasture","2007",111111110000000
"90-2007-0-039","111111111110000","East Yana_Pasture","2007",111111111110000
"90-2007-0-040","111011111100000","East Yana_Pasture","2007",111011111100000
"90-2007-0-045","101111111000000","East Yana_Pasture","2007",101111111000000
"90-2007-0-046","111011111110000","East Yana_Pasture","2007",111011111110000
"90-2007-0-048","111111101110000","East Yana_Pasture","2007",111111101110000
"90-2007-0-049","101111111110000","East Yana_Pasture","2007",101111111110000
"90-2008-0-029","010000000000000","East Yana_Pasture","2008",10000000000000
"90-2008-0-032","011111000000000","East Yana_Pasture","2008",11111000000000
"90-2008-0-033","011111111111000","East Yana_Pasture","2008",11111111111000
"90-2008-0-034","011111111110000","East Yana_Pasture","2008",11111111110000
"90-2008-0-035","010000000000000","East Yana_Pasture","2008",10000000000000
"90-2008-0-037","011011111110000","East Yana_Pasture","2008",11011111110000
"90-2008-0-038","010000000000000","East Yana_Pasture","2008",10000000000000
"90-2008-0-039","011011111100000","East Yana_Pasture","2008",11011111100000
"90-2008-0-040","011111111110000","East Yana_Pasture","2008",11111111110000
"90-2008-0-041","011111111000000","East Yana_Pasture","2008",11111111000000
"90-2008-0-042","011111111110000","East Yana_Pasture","2008",11111111110000
"90-2008-0-052","011111111110000","East Yana_Pasture","2008",11111111110000
"90-2008-0-054","011111111100000","East Yana_Pasture","2008",11111111100000
"90-2008-0-055","011111111110000","East Yana_Pasture","2008",11111111110000
"90-2008-0-056","011111111110000","East Yana_Pasture","2008",11111111110000
"90-2008-0-057","011111111000000","East Yana_Pasture","2008",11111111000000
"90-2008-0-058","010111111110000","East Yana_Pasture","2008",10111111110000
"90-2008-0-059","011111100000000","East Yana_Pasture","2008",11111100000000
"90-2008-0-071","010000000000000","East Yana_Pasture","2008",10000000000000
"90-2009-0-051","001111100000000","East Yana_Pasture","2009",1111100000000
"90-2009-0-052","001111111100000","East Yana_Pasture","2009",1111111100000
"90-2009-0-053","001111111111110","East Yana_Pasture","2009",1111111111110
"90-2009-0-054","001111111110000","East Yana_Pasture","2009",1111111110000
"90-2009-0-055","001000000000000","East Yana_Pasture","2009",1000000000000
"90-2009-0-056","001111111111110","East Yana_Pasture","2009",1111111111110
"90-2009-0-057","001111111000000","East Yana_Pasture","2009",1111111000000
"90-2009-0-058","001111111111110","East Yana_Pasture","2009",1111111111110
"90-2009-0-059","001111111111100","East Yana_Pasture","2009",1111111111100
"90-2009-0-060","001111111111110","East Yana_Pasture","2009",1111111111110
"90-2009-0-061","001000000000000","East Yana_Pasture","2009",1000000000000
"90-2009-0-062","001111111110000","East Yana_Pasture","2009",1111111110000
"90-2009-0-063","001111111111000","East Yana_Pasture","2009",1111111111000
"90-2009-0-064","001111110000000","East Yana_Pasture","2009",1111110000000
"90-2009-0-066","001111111100000","East Yana_Pasture","2009",1111111100000
"90-2009-0-067","001111111111110","East Yana_Pasture","2009",1111111111110
"90-2009-0-068","001111111111110","East Yana_Pasture","2009",1111111111110
"90-2009-0-069","001111111111110","East Yana_Pasture","2009",1111111111110
"90-2009-0-070","001111111111110","East Yana_Pasture","2009",1111111111110
"90-2010-0-101","000111111111110","East Yana_Pasture","2010",111111111110
"90-2010-0-102","000111111111110","East Yana_Pasture","2010",111111111110
"90-2010-0-103","000111110000000","East Yana_Pasture","2010",111110000000
"90-2010-0-104","000111110000000","East Yana_Pasture","2010",111110000000
"90-2010-0-105","000111100000000","East Yana_Pasture","2010",111100000000
"90-2010-0-106","000111111111110","East Yana_Pasture","2010",111111111110
"90-2010-0-107","000101111110000","East Yana_Pasture","2010",101111110000
"90-2010-0-108","000111111111110","East Yana_Pasture","2010",111111111110
"90-2010-0-109","000111111111110","East Yana_Pasture","2010",111111111110
"90-2010-0-110","000111111110000","East Yana_Pasture","2010",111111110000
"90-2010-0-111","000111111110000","East Yana_Pasture","2010",111111110000
"90-2010-0-112","000111111111110","East Yana_Pasture","2010",111111111110
"90-2010-0-113","000111111111110","East Yana_Pasture","2010",111111111110
"90-2010-0-114","000111111110000","East Yana_Pasture","2010",111111110000
"90-2010-0-115","000111111110000","East Yana_Pasture","2010",111111110000
"90-2011-0-351","000011111111110","East Yana_Pasture","2011",11111111110
"90-2011-0-352","000011111111110","East Yana_Pasture","2011",11111111110
"90-2011-0-353","000010000000000","East Yana_Pasture","2011",10000000000
"90-2011-0-354","000011111111100","East Yana_Pasture","2011",11111111100
"90-2011-0-355","000011111100000","East Yana_Pasture","2011",11111100000
"90-2011-0-356","000011111111110","East Yana_Pasture","2011",11111111110
"90-2011-0-357","000011111110000","East Yana_Pasture","2011",11111110000
"90-2011-0-358","000011110000000","East Yana_Pasture","2011",11110000000
"90-2011-0-359","000011111110000","East Yana_Pasture","2011",11111110000
"90-2011-0-360","000011111111110","East Yana_Pasture","2011",11111111110
"90-2011-0-361","000010000000000","East Yana_Pasture","2011",10000000000
"90-2011-0-362","000011111111100","East Yana_Pasture","2011",11111111100
"90-2011-0-363","000011111110000","East Yana_Pasture","2011",11111110000
"90-2011-0-364","000010000000000","East Yana_Pasture","2011",10000000000
"90-2011-0-365","000011111000000","East Yana_Pasture","2011",11111000000
"90-2011-0-366","000010000000000","East Yana_Pasture","2011",10000000000
"90-2011-0-367","000011111111110","East Yana_Pasture","2011",11111111110
"90-2011-0-368","000011111111110","East Yana_Pasture","2011",11111111110
"90-2011-0-369","000011000000000","East Yana_Pasture","2011",11000000000
"90-2011-0-370","000011111111000","East Yana_Pasture","2011",11111111000
"90-2012-0-001","000001111111110","East Yana_Pasture","2012",1111111110
"90-2012-0-319","000001111111100","East Yana_Pasture","2012",1111111100
"90-2012-0-320","000001110000000","East Yana_Pasture","2012",1110000000
"90-2012-0-321","000001111000010","East Yana_Pasture","2012",1111000010
"90-2012-0-322","000001111111110","East Yana_Pasture","2012",1111111110
"90-2012-0-323","000001000000000","East Yana_Pasture","2012",1000000000
"90-2012-0-324","000001111111100","East Yana_Pasture","2012",1111111100
"90-2012-0-325","000001111111100","East Yana_Pasture","2012",1111111100
"90-2012-0-326","000001111111110","East Yana_Pasture","2012",1111111110
"90-2012-0-327","000001101111110","East Yana_Pasture","2012",1101111110
"90-2012-0-328","000001101010110","East Yana_Pasture","2012",1101010110
"90-2012-0-329","000001111111100","East Yana_Pasture","2012",1111111100
"90-2012-0-346","000001111111110","East Yana_Pasture","2012",1111111110
"90-2012-0-347","000001111111100","East Yana_Pasture","2012",1111111100
"90-2012-0-348","000001111100000","East Yana_Pasture","2012",1111100000
"90-2012-0-349","000001111111100","East Yana_Pasture","2012",1111111100
"90-2012-0-350","000001111110000","East Yana_Pasture","2012",1111110000
"90-2013-0-273","000000111111110","East Yana_Pasture","2013",111111110
"90-2013-0-274","000000111111110","East Yana_Pasture","2013",111111110
"90-2013-0-275","000000111111110","East Yana_Pasture","2013",111111110
"90-2013-0-276","000000111111000","East Yana_Pasture","2013",111111000
"90-2013-0-277","000000111110000","East Yana_Pasture","2013",111110000
"90-2013-0-278","000000111111010","East Yana_Pasture","2013",111111010
"90-2013-0-279","000000111110000","East Yana_Pasture","2013",111110000
"90-2013-0-280","000000111111110","East Yana_Pasture","2013",111111110
"90-2013-0-281","000000110000000","East Yana_Pasture","2013",110000000
"90-2013-0-282","000000111000000","East Yana_Pasture","2013",111000000
"90-2013-0-283","000000111111100","East Yana_Pasture","2013",111111100
"90-2013-0-284","000000111111110","East Yana_Pasture","2013",111111110
"90-2013-0-285","000000111111000","East Yana_Pasture","2013",111111000
"90-2013-0-286","000000111111010","East Yana_Pasture","2013",111111010
"90-2013-0-287","000000111100000","East Yana_Pasture","2013",111100000
"90-2013-0-288","000000111011110","East Yana_Pasture","2013",111011110
"90-2013-0-289","000000111110000","East Yana_Pasture","2013",111110000
"90-2013-0-290","000000111110000","East Yana_Pasture","2013",111110000
"90-2013-0-291","000000111111110","East Yana_Pasture","2013",111111110
"90-2013-0-292","000000111111110","East Yana_Pasture","2013",111111110
"90-2014-0-456","000000011111110","East Yana_Pasture","2014",11111110
"90-2014-0-457","000000011111110","East Yana_Pasture","2014",11111110
"90-2014-0-458","000000011111110","East Yana_Pasture","2014",11111110
"90-2014-0-459","000000011111100","East Yana_Pasture","2014",11111100
"90-2014-0-460","000000011111110","East Yana_Pasture","2014",11111110
"90-2014-0-461","000000010000000","East Yana_Pasture","2014",10000000
"90-2014-0-462","000000011111110","East Yana_Pasture","2014",11111110
"90-2014-0-463","000000011111110","East Yana_Pasture","2014",11111110
"90-2014-0-464","000000011111110","East Yana_Pasture","2014",11111110
"90-2014-0-465","000000011111000","East Yana_Pasture","2014",11111000
"90-2014-0-466","000000011111110","East Yana_Pasture","2014",11111110
"90-2014-0-467","000000011111110","East Yana_Pasture","2014",11111110
"90-2014-0-468","000000011111100","East Yana_Pasture","2014",11111100
"90-2014-0-469","000000011111110","East Yana_Pasture","2014",11111110
"90-2014-0-470","000000011100000","East Yana_Pasture","2014",11100000
"90-2014-0-471","000000011000000","East Yana_Pasture","2014",11000000
"90-2014-0-472","000000011111110","East Yana_Pasture","2014",11111110
"90-2014-0-473","000000011111000","East Yana_Pasture","2014",11111000
"90-2014-0-474","000000011000000","East Yana_Pasture","2014",11000000
"90-2014-0-475","000000011111110","East Yana_Pasture","2014",11111110
"90-2015-0-559","000000001111110","East Yana_Pasture","2015",1111110
"90-2015-0-560","000000001000000","East Yana_Pasture","2015",1000000
"90-2015-0-561","000000001000000","East Yana_Pasture","2015",1000000
"90-2015-0-562","000000001111110","East Yana_Pasture","2015",1111110
"90-2015-0-563","000000001110000","East Yana_Pasture","2015",1110000
"90-2015-0-564","000000001111110","East Yana_Pasture","2015",1111110
"90-2015-0-565","000000001111110","East Yana_Pasture","2015",1111110
"90-2015-0-566","000000001111100","East Yana_Pasture","2015",1111100
"90-2015-0-567","000000001000000","East Yana_Pasture","2015",1000000
"90-2015-0-568","000000001111110","East Yana_Pasture","2015",1111110
"90-2015-0-569","000000001111000","East Yana_Pasture","2015",1111000
"90-2015-0-570","000000001111110","East Yana_Pasture","2015",1111110
"90-2015-0-571","000000001111110","East Yana_Pasture","2015",1111110
"90-2015-0-572","000000001110000","East Yana_Pasture","2015",1110000
"90-2015-0-573","000000001000000","East Yana_Pasture","2015",1000000
"90-2015-0-574","000000001111110","East Yana_Pasture","2015",1111110
"90-2015-0-575","000000001000000","East Yana_Pasture","2015",1000000
"90-2015-0-576","000000001111110","East Yana_Pasture","2015",1111110
"90-2015-0-577","000000001111000","East Yana_Pasture","2015",1111000
"90-2015-0-578","000000001111110","East Yana_Pasture","2015",1111110
"90-2015-0-579","000000001111110","East Yana_Pasture","2015",1111110
"90-2015-0-580","000000001111110","East Yana_Pasture","2015",1111110
"90-2015-0-581","000000001111110","East Yana_Pasture","2015",1111110
"90-2016-0-658","000000000111100","East Yana_Pasture","2016",111100
"90-2016-0-659","000000000111110","East Yana_Pasture","2016",111110
"90-2016-0-660","000000000100000","East Yana_Pasture","2016",100000
"90-2016-0-661","000000000111110","East Yana_Pasture","2016",111110
"90-2016-0-662","000000000111110","East Yana_Pasture","2016",111110
"90-2016-0-663","000000000111100","East Yana_Pasture","2016",111100
"90-2016-0-664","000000000111110","East Yana_Pasture","2016",111110
"90-2016-0-665","000000000111110","East Yana_Pasture","2016",111110
"90-2016-0-666","000000000111110","East Yana_Pasture","2016",111110
"90-2016-0-667","000000000111110","East Yana_Pasture","2016",111110
"90-2016-0-668","000000000100010","East Yana_Pasture","2016",100010
"90-2016-0-669","000000000111100","East Yana_Pasture","2016",111100
"90-2016-0-670","000000000111010","East Yana_Pasture","2016",111010
"90-2016-0-671","000000000111110","East Yana_Pasture","2016",111110
"90-2016-0-672","000000000111110","East Yana_Pasture","2016",111110
"90-2017-0-776","000000000011110","East Yana_Pasture","2017",11110
"90-2017-0-777","000000000011110","East Yana_Pasture","2017",11110
"90-2017-0-778","000000000011110","East Yana_Pasture","2017",11110
"90-2017-0-779","000000000011110","East Yana_Pasture","2017",11110
"90-2017-0-780","000000000011110","East Yana_Pasture","2017",11110
"90-2017-0-781","000000000011110","East Yana_Pasture","2017",11110
"90-2017-0-782","000000000011110","East Yana_Pasture","2017",11110
"90-2017-0-783","000000000011110","East Yana_Pasture","2017",11110
"90-2017-0-784","000000000011110","East Yana_Pasture","2017",11110
"90-2017-0-785","000000000011110","East Yana_Pasture","2017",11110
"90-2017-0-786","000000000011110","East Yana_Pasture","2017",11110
"90-2017-0-787","000000000011110","East Yana_Pasture","2017",11110
"90-2018-0-851","000000000001110","East Yana_Pasture","2018",1110
"90-2018-0-852","000000000001110","East Yana_Pasture","2018",1110
"90-2018-0-853","000000000001110","East Yana_Pasture","2018",1110
"90-2018-0-854","000000000001110","East Yana_Pasture","2018",1110
"90-2018-0-855","000000000001110","East Yana_Pasture","2018",1110
"90-2018-0-856","000000000001110","East Yana_Pasture","2018",1110
"90-2018-0-857","000000000001110","East Yana_Pasture","2018",1110
"90-2018-0-858","000000000001110","East Yana_Pasture","2018",1110
"90-2018-0-859","000000000001110","East Yana_Pasture","2018",1110
"90-2018-0-860","000000000001110","East Yana_Pasture","2018",1110
"90-2018-0-861","000000000001110","East Yana_Pasture","2018",1110
"90-2019-0-975","000000000000110","East Yana_Pasture","2019",110
"90-2019-0-976","000000000000110","East Yana_Pasture","2019",110
"90-2019-0-977","000000000000110","East Yana_Pasture","2019",110
"90-2019-0-978","000000000000110","East Yana_Pasture","2019",110
"90-2019-0-979","000000000000110","East Yana_Pasture","2019",110
"90-2019-0-980","000000000000110","East Yana_Pasture","2019",110
"90-2019-0-981","000000000000110","East Yana_Pasture","2019",110
"90-2019-0-982","000000000000110","East Yana_Pasture","2019",110
"90-2019-0-983","000000000000110","East Yana_Pasture","2019",110
"90-2019-0-984","000000000000110","East Yana_Pasture","2019",110
"90-2019-0-985","000000000000110","East Yana_Pasture","2019",110
"90-2019-0-986","000000000000110","East Yana_Pasture","2019",110
"90-2019-0-987","000000000000110","East Yana_Pasture","2019",110
"90-2020-0-2076","000000000000010","East Yana_Pasture","2020",10
"90-2020-0-2077","000000000000010","East Yana_Pasture","2020",10
"90-2020-0-2078","000000000000010","East Yana_Pasture","2020",10
"90-2020-0-2079","000000000000010","East Yana_Pasture","2020",10
"90-2020-0-2080","000000000000010","East Yana_Pasture","2020",10
"90-2020-0-2081","000000000000010","East Yana_Pasture","2020",10
"90-2020-0-2082","000000000000010","East Yana_Pasture","2020",10
"90-2020-0-2083","000000000000010","East Yana_Pasture","2020",10
"90-2020-0-2084","000000000000010","East Yana_Pasture","2020",10
"90-2020-0-2085","000000000000010","East Yana_Pasture","2020",10
"90-2020-0-2086","000000000000010","East Yana_Pasture","2020",10
"90-2020-0-2087","000000000000010","East Yana_Pasture","2020",10
"90-2020-0-2088","000000000000010","East Yana_Pasture","2020",10
"90-2020-0-2089","000000000000010","East Yana_Pasture","2020",10
"90-2020-0-2090","000000000000010","East Yana_Pasture","2020",10
"90-2020-0-2091","000000000000010","East Yana_Pasture","2020",10
"90-2020-0-2092","000000000000010","East Yana_Pasture","2020",10
"90-2021-0-2176","000000000000000","East Yana_Pasture","2021",0
"90-2021-0-2177","000000000000000","East Yana_Pasture","2021",0
"90-2021-0-2178","000000000000000","East Yana_Pasture","2021",0
"90-2021-0-2179","000000000000000","East Yana_Pasture","2021",0
"90-2021-0-2180","000000000000000","East Yana_Pasture","2021",0
"90-2021-0-2181","000000000000000","East Yana_Pasture","2021",0
"90-2021-0-2182","000000000000000","East Yana_Pasture","2021",0
"90-2021-0-2183","000000000000000","East Yana_Pasture","2021",0
"90-2021-0-2184","000000000000000","East Yana_Pasture","2021",0
"90-2021-0-2185","000000000000000","East Yana_Pasture","2021",0
"90-2021-0-2186","000000000000000","East Yana_Pasture","2021",0
"90-2021-0-2187","000000000000000","East Yana_Pasture","2021",0
"90-2021-0-2188","000000000000000","East Yana_Pasture","2021",0
"90-2021-0-2189","000000000000000","East Yana_Pasture","2021",0
"90-2021-0-2190","000000000000000","East Yana_Pasture","2021",0
