p97.5,site
0.937901815,1
0.937834816,1
0.937767593,1
0.937695408,1
0.937623145,1
0.937550803,1
0.937478383,1
0.937405885,1
0.937333308,1
0.937260653,1
0.937187919,1
0.937115107,1
0.937042216,1
0.936969245,1
0.936896196,1
0.936823069,1
0.936764524,1
0.936710202,1
0.936655837,1
0.936601428,1
0.936546975,1
0.93648341,1
0.936415472,1
0.936347467,1
0.936279394,1
0.936211253,1
0.936143044,1
0.936074767,1
0.936013405,1
0.935969938,1
0.935926443,1
0.935882633,1
0.93583869,1
0.935794718,1
0.935726763,1
0.935656876,1
0.935586918,1
0.935516872,1
0.93544647,1
0.935375493,1
0.935304443,1
0.93523332,1
0.935162125,1
0.935090857,1
0.935019516,1
0.934948103,1
0.934876616,1
0.934805056,1
0.934733423,1
0.934661716,1
0.934596463,1
0.934561835,1
0.934498663,1
0.934422897,1
0.934347049,1
0.934271119,1
0.934212815,1
0.934199198,1
0.934184918,1
0.934170635,1
0.934094181,1
0.934013862,1
0.93393345,1
0.933852945,1
0.933770692,1
0.933695526,1
0.93363739,1
0.933579206,1
0.933520975,1
0.933462695,1
0.933404368,1
0.933345992,1
0.933286607,1
0.933216543,1
0.933167621,1
0.933114965,1
0.933057534,1
0.93300282,1
0.932949383,1
0.932895906,1
0.932841804,1
0.932775027,1
0.932710747,1
0.932652853,1
0.932594914,1
0.932536928,1
0.932478896,1
0.932420818,1
0.932362693,1
0.932304522,1
0.932246305,1
0.932188041,1
0.932129467,1
0.932069931,1
0.931981791,1
0.931898731,1
0.931839849,1
0.931780921,1
0.931721945,1
0.931662922,1
0.931603852,1
0.931544735,1
0.93148557,1
0.931426357,1
0.931367098,1
0.931307791,1
0.931248436,1
0.931189034,1
0.931129585,1
0.931070087,1
0.931010543,1
0.93095095,1
0.93089131,1
0.930849242,1
0.930810116,1
0.93077097,1
0.930712497,1
0.930653427,1
0.930594311,1
0.930534684,1
0.930473662,1
0.930376122,1
0.930292282,1
0.930232116,1
0.930171902,1
0.930111407,1
0.930049877,1
0.929953273,1
0.92992531,1
0.929869221,1
0.929808752,1
0.929747567,1
0.929668149,1
0.929582323,1
0.929496401,1
0.929410374,1
0.929323227,1
0.929234863,1
0.929146398,1
0.929057831,1
0.928969161,1
0.928880389,1
0.928791515,1
0.928702538,1
0.9286331,1
0.92858615,1
0.92855296,1
0.928490723,1
0.928420268,1
0.92839264,1
0.928365003,1
0.928336483,1
0.928255757,1
0.928155869,1
0.928055802,1
0.927955606,1
0.927855282,1
0.927754828,1
0.927661036,1
0.927603997,1
0.92751963,1
0.92747098,1
0.9274223,1
0.927379882,1
0.927327316,1
0.927278437,1
0.927228749,1
0.927177879,1
0.927098594,1
0.927042686,1
0.926986158,1
0.926900337,1
0.926794232,1
0.926723134,1
0.926694012,1
0.926664878,1
0.926635735,1
0.926590148,1
0.926534216,1
0.926485977,1
0.926498092,1
0.926429689,1
0.926316481,1
0.926252622,1
0.926195865,1
0.926139068,1
0.926082231,1
0.926033086,1
0.925995553,1
0.925959435,1
0.925930145,1
0.925900106,1
0.925869934,1
0.925806302,1
0.925768922,1
0.925731452,1
0.925693422,1
0.925634112,1
0.925565134,1
0.925515029,1
0.925451635,1
0.925387351,1
0.925347778,1
0.925274207,1
0.925199365,1
0.925180384,1
0.925133108,1
0.925038177,1
0.924943134,1
0.924874755,1
0.924828489,1
0.924790514,1
0.924752733,1
0.924706237,1
0.924642578,1
0.924609814,1
0.924591649,1
0.924517297,1
0.924484774,1
0.924451611,1
0.924333773,1
0.924219212,1
0.924174905,1
0.924173387,1
0.92417187,1
0.924170351,1
0.924167857,1
0.924080671,1
0.924007485,1
0.923911582,1
0.923876558,1
0.923841389,1
0.923757723,1
0.923671939,1
0.923585503,1
0.923481894,1
0.92341568,1
0.923331884,1
0.923248003,1
0.923162577,1
0.923076494,1
0.923064638,1
0.923054439,1
0.92300019,1
0.922908375,1
0.922850021,1
0.92283631,1
0.922822598,1
0.922808883,1
0.922794374,1
0.922779237,1
0.922764096,1
0.92274853,1
0.922688783,1
0.922641692,1
0.922637002,1
0.922564312,1
0.922489367,1
0.922408296,1
0.922340948,1
0.922266226,1
0.922191437,1
0.922130882,1
0.922054065,1
0.921969807,1
0.921893982,1
0.921819507,1
0.921744967,1
0.921726143,1
0.921661108,1
0.921551869,1
0.921446154,1
0.921370928,1
0.921296315,1
0.921254747,1
0.921216181,1
0.921189539,1
0.921133138,1
0.921067721,1
0.921002255,1
0.920936738,1
0.920871172,1
0.920904442,1
0.92094241,1
0.920909314,1
0.920872884,1
0.920833771,1
0.920778781,1
0.920764982,1
0.920715804,1
0.920666179,1
0.920647626,1
0.920623124,1
0.920592447,1
0.920590553,1
0.920575189,1
0.920557467,1
0.920539742,1
0.920520685,1
0.920490148,1
0.920438256,1
0.920410242,1
0.92033421,1
0.920282392,1
0.920266332,1
0.92027257,1
0.920257426,1
0.920196554,1
0.920232526,1
0.920268482,1
0.920273326,1
0.920276666,1
0.92025644,1
0.920246542,1
0.920209392,1
0.920211467,1
0.920135045,1
0.920097847,1
0.920060634,1
0.920023405,1
0.91998616,1
0.919948899,1
0.919910241,1
0.919938911,1
0.91987028,1
0.919838722,1
0.919858907,1
0.919821701,1
0.91987792,1
0.919822347,1
0.9197171,1
0.919765194,1
0.919711769,1
0.919657074,1
0.919601306,1
0.919545502,1
0.919488748,1
0.919431032,1
0.919375212,1
0.919406075,1
0.919423564,1
0.919471301,1
0.919505816,1
0.919540317,1
0.919574805,1
0.919608503,1
0.919635134,1
0.919627377,1
0.919610636,1
0.91959378,1
0.919575522,1
0.91955658,1
0.919537628,1
0.919518672,1
0.919499712,1
0.919480747,1
0.919461537,1
0.919431238,1
0.919400681,1
0.919366938,1
0.919327197,1
0.919287434,1
0.919247652,1
0.919244556,1
0.919246437,1
0.919205894,1
0.919141434,1
0.919076928,1
0.919012374,1
0.918949309,1
0.918884122,1
0.918835044,1
0.918825901,1
0.918801437,1
0.918761541,1
0.918720282,1
0.918679005,1
0.918663163,1
0.918684951,1
0.918702354,1
0.918685545,1
0.918689867,1
0.918731853,1
0.918756958,1
0.91873592,1
0.918730732,1
0.918708245,1
0.918652043,1
0.918649194,1
0.918677549,1
0.91870449,1
0.918732899,1
0.918739652,1
0.918713554,1
0.918686553,1
0.91867095,1
0.918654112,1
0.918670563,1
0.918687121,1
0.918741305,1
0.918777343,1
0.918750003,1
0.918689301,1
0.918671552,1
0.918680149,1
0.918698677,1
0.91872509,1
0.91874959,1
0.918748629,1
0.918797016,1
0.918846483,1
0.918896505,1
0.918927935,1
0.918898334,1
0.918923191,1
0.918949326,1
0.919027698,1
0.919057942,1
0.919067485,1
0.919060827,1
0.919070059,1
0.919092947,1
0.919101496,1
0.919076825,1
0.919052042,1
0.919099564,1
0.919099066,1
0.919135548,1
0.919137931,1
0.91910785,1
0.919077005,1
0.91906229,1
0.919101437,1
0.919058998,1
0.919029428,1
0.919019358,1
0.91899797,1
0.919017392,1
0.919020716,1
0.919028128,1
0.919034209,1
0.919093909,1
0.919159385,1
0.919207796,1
0.919197316,1
0.919184317,1
0.919178094,1
0.919188027,1
0.919230146,1
0.919287198,1
0.919343976,1
0.919371871,1
0.919348141,1
0.919389791,1
0.919390006,1
0.919443205,1
0.919453695,1
0.919444252,1
0.919414625,1
0.9193845,1
0.919423556,1
0.919385611,1
0.919345832,1
0.919305991,1
0.919337382,1
0.919451356,1
0.919468006,1
0.919462036,1
0.919456067,1
0.919465814,1
0.919511768,1
0.919557697,1
0.919603603,1
0.91962547,1
0.919613805,1
0.919646208,1
0.919680612,1
0.91971446,1
0.919745671,1
0.919776731,1
0.919751932,1
0.919792412,1
0.919836225,1
0.919880015,1
0.919923784,1
0.919972473,1
0.920011931,1
0.920057123,1
0.920100131,1
0.920135316,1
0.920141858,1
0.920168992,1
0.920201281,1
0.920232624,1
0.920231019,1
0.920219243,1
0.92020673,1
0.920210472,1
0.92028836,1
0.920308019,1
0.920369492,1
0.920428847,1
0.92048523,1
0.920551106,1
0.920612074,1
0.920672507,1
0.920664635,1
0.920688433,1
0.920721433,1
0.920753417,1
0.920784673,1
0.920815918,1
0.920847151,1
0.920842358,1
0.920853091,1
0.920923267,1
0.920976396,1
0.921009553,1
0.921041259,1
0.921072714,1
0.921105378,1
0.921138749,1
0.921185798,1
0.921291629,1
0.921397329,1
0.921496294,1
0.921517307,1
0.921536993,1
0.921555943,1
0.92157489,1
0.921593832,1
0.921612769,1
0.921631703,1
0.921650632,1
0.921688894,1
0.921748323,1
0.92180771,1
0.921867055,1
0.921923406,1
0.921948112,1
0.921972811,1
0.922000128,1
0.922074485,1
0.922147518,1
0.922181975,1
0.922238659,1
0.922316052,1
0.922393375,1
0.922470628,1
0.922547617,1
0.922624365,1
0.922701043,1
0.92276531,1
0.922825324,1
0.922885296,1
0.92294489,1
0.923003919,1
0.923062906,1
0.923121852,1
0.92316551,1
0.923208331,1
0.923251131,1
0.923316639,1
0.923398514,1
0.923416743,1
0.92342211,1
0.9234648,1
0.923506784,1
0.923548632,1
0.923590459,1
0.923632265,1
0.923674049,1
0.923715813,1
0.923757555,1
0.923799277,1
0.923840978,1
0.923870118,1
0.923897436,1
0.923924448,1
0.923950683,1
0.923954519,1
0.923987299,1
0.924022773,1
0.924037037,1
0.924061915,1
0.924112146,1
0.924168607,1
0.924226573,1
0.924284257,1
0.924312045,1
0.924337353,1
0.924362653,1
0.924387945,1
0.924413228,1
0.924438039,1
0.924462127,1
0.924486207,1
0.92451028,1
0.924534347,1
0.924558406,1
0.924582458,1
0.924606503,1
0.924630541,1
0.924654572,1
0.924678595,1
0.924710931,1
0.924738314,1
0.924784615,1
0.924836767,1
0.924887765,1
0.924938731,1
0.924975738,1
0.924997422,1
0.925019101,1
0.925040774,1
0.925093107,1
0.925157015,1
0.925220874,1
0.925284683,1
0.925348441,1
0.925412149,1
0.925475808,1
0.925539416,1
0.925602974,1
0.925659393,1
0.925710954,1
0.925762481,1
0.925813975,1
0.925865436,1
0.925916865,1
0.92596826,1
0.926019623,1
0.926070953,1
0.92612225,1
0.926180738,1
0.926240257,1
0.926299733,1
0.926359164,1
0.926418551,1
0.926477893,1
0.926492386,1
0.926527132,1
0.926577579,1
0.926627993,1
0.926678375,1
0.926728726,1
0.926774647,1
0.926829816,1
0.926880556,1
0.926931263,1
0.926981937,1
0.927032579,1
0.927083189,1
0.927133767,1
0.927184312,1
0.927234824,1
0.927285305,1
0.92733771,1
0.927396167,1
0.92745443,1
0.92751265,1
0.927565742,1
0.927598339,1
0.927635279,1
0.927685489,1
0.927735646,1
0.927785255,1
0.927834834,1
0.92788438,1
0.927933896,1
0.92798338,1
0.928028001,1
0.92806539,1
0.92810276,1
0.928140113,1
0.92819376,1
0.928258637,1
0.92832346,1
0.928380657,1
0.928416513,1
0.928449391,1
0.928500956,1
0.928552486,1
0.928603982,1
0.928655443,1
0.928706871,1
0.928758264,1
0.928809623,1
0.928860948,1
0.928912238,1
0.928963495,1
0.929014717,1
0.929065905,1
0.929117059,1
0.929168179,1
0.92921798,1
0.929257395,1
0.929293846,1
0.929330281,1
0.929366698,1
0.929432458,1
0.929504992,1
0.929560253,1
0.929587049,1
0.929610221,1
0.929633385,1
0.929656542,1
0.929679692,1
0.929702835,1
0.929729911,1
0.929766137,1
0.929802346,1
0.929838537,1
0.929874711,1
0.92991065,1
0.9299504,1
0.930026921,1
0.930103363,1
0.930179728,1
0.93024545,1
0.930268947,1
0.930346245,1
0.930432263,1
0.930517407,1
0.930554677,1
0.930574287,1
0.930593253,1
0.930612104,1
0.93063095,1
0.930699483,1
0.93077354,1
0.930847523,1
0.930921433,1
0.93099527,1
0.931045594,1
0.931087078,1
0.93112809,1
0.93116886,1
0.931209608,1
0.931250334,1
0.931291038,1
0.931331719,1
0.931372378,1
0.931413014,1
0.931453628,1
0.93149422,1
0.93153479,1
0.931575337,1
0.931615862,1
0.931658532,1
0.931721414,1
0.931784241,1
0.931847015,1
0.931909736,1
0.931972402,1
0.932035015,1
0.932097575,1
0.932160081,1
0.932222534,1
0.932284933,1
0.932337558,1
0.932384931,1
0.932432272,1
0.932479583,1
0.932536558,1
0.932604475,1
0.932687915,1
0.93277126,1
0.932840862,1
0.932870448,1
0.932925749,1
0.932990127,1
0.933050887,1
0.933090145,1
0.933129342,1
0.933168518,1
0.933207672,1
0.933246806,1
0.933285918,1
0.933325008,1
0.933364077,1
0.933403125,1
0.933442152,1
0.933481158,1
0.933520142,1
0.933559105,1
0.933598047,1
0.933636967,1
0.933675866,1
0.933736638,1
0.933803443,1
0.933870185,1
0.933936577,1
0.93400286,1
0.93406908,1
0.934113115,1
0.93414835,1
0.934182238,1
0.934224812,1
0.934251428,1
0.934286536,1
0.934339599,1
0.934409425,1
0.934479182,1
0.934548507,1
0.934617755,1
0.934686935,1
0.934735899,1
0.934783856,1
0.93483178,1
0.934879671,1
0.934927529,1
0.934975354,1
0.935022982,1
0.935078155,1
0.935140742,1
0.935203273,1
0.935265748,1
0.935328167,1
0.93539053,1
0.935452836,1
0.935515087,1
0.935577282,1
0.935639421,1
0.935701505,1
0.935763532,1
0.935825504,1
0.93588742,1
0.935949281,1
0.936011085,1
0.936072835,1
0.936134528,1
0.936196167,1
0.93625775,1
0.936319277,1
0.936380749,1
0.936442166,1
0.936503158,1
0.936563952,1
0.936624691,1
0.936685375,1
0.936746005,1
0.936806581,1
0.936861018,1
0.936901427,1
0.936941812,1
0.936982173,1
0.937022509,1
0.937067326,1
0.937131292,1
0.937195196,1
0.937259041,1
0.937322824,1
0.937386547,1
0.93745021,1
0.937513812,1
0.937577353,1
0.937640835,1
0.937704256,1
0.937767617,1
0.937830918,1
0.937894158,1
0.937957339,1
0.938020459,1
0.93808352,1
0.93814652,1
0.938209461,1
0.938272342,1
0.938335163,1
0.938397924,1
0.938460626,1
0.938523268,1
0.93858585,1
0.938648373,1
0.93871063,1
0.938753787,1
0.938783434,1
0.938813067,1
0.938842687,1
0.938872292,1
0.938901757,1
0.938930721,1
0.938959671,1
0.939002356,1
0.939061581,1
0.939120751,1
0.939179868,1
0.939238931,1
0.93929794,1
0.939356895,1
0.939415796,1
0.939474644,1
0.939528479,1
0.939566317,1
0.939604133,1
0.939641927,1
0.939679698,1
0.939717447,1
0.939755174,1
0.939792878,1
0.939830561,1
0.939868221,1
0.939905858,1
0.939943474,1
0.939981067,1
0.940018638,1
0.940056187,1
0.940093713,1
0.940131218,1
0.940168172,1
0.940205062,1
0.94024193,1
0.940278777,1
0.940315603,1
0.940352407,1
0.94038919,1
0.940425952,1
0.940462693,1
0.940499413,1
0.940536111,1
0.940572788,1
0.940609444,1
0.940646079,1
0.940682692,1
0.940719284,1
0.940755856,1
0.940795368,1
0.940845994,1
0.940896579,1
0.940947123,1
0.940997627,1
0.94104809,1
0.941098513,1
0.941150925,1
0.941211579,1
0.941272174,1
0.94133271,1
0.941393187,1
0.941453606,1
0.941513966,1
0.941574268,1
0.94163451,1
0.941676211,1
0.941711757,1
0.941749422,1
0.9418084,1
0.941867322,1
0.941926189,1
0.941984999,1
0.942043753,1
0.942102452,1
0.942161095,1
0.942219682,1
0.942278213,1
0.942336688,1
0.942395108,1
0.942453473,1
0.942511782,1
0.942570035,1
0.942628233,1
0.942686376,1
0.942744463,1
0.942802495,1
0.942860472,1
0.942918393,1
0.942976259,1
0.94303407,1
0.943091827,1
0.943149528,1
0.943207174,1
0.94326463,1
0.943321628,1
0.943378571,1
0.943435461,1
0.943492296,1
0.943549078,1
0.943594524,1
0.943632453,1
0.943670359,1
0.94370824,1
0.943746097,1
0.94378393,1
0.943821739,1
0.943859524,1
0.943897284,1
0.943935021,1
0.943972734,1
0.944010422,1
0.944048087,1
0.944085728,1
0.944123344,1
0.944160937,1
0.944198209,1
0.944235152,1
0.944272072,1
0.944308969,1
0.944345842,1
0.944382693,1
0.944419521,1
0.944456326,1
0.905650654,2
0.905662889,2
0.905691516,2
0.905720135,2
0.905740968,2
0.905723227,2
0.905705483,2
0.905695366,2
0.905702348,2
0.905713342,2
0.905767105,2
0.905820839,2
0.905874534,2
0.905927865,2
0.905981169,2
0.906034257,2
0.906051023,2
0.906067614,2
0.906083764,2
0.90609991,2
0.906118526,2
0.906156498,2
0.906194292,2
0.90623152,2
0.906268734,2
0.90630684,2
0.90634524,2
0.90638377,2
0.906428653,2
0.90647289,2
0.906493996,2
0.906503322,2
0.906512648,2
0.906577175,2
0.906640149,2
0.90666974,2
0.906693082,2
0.90670748,2
0.906721783,2
0.906735931,2
0.906750076,2
0.90676422,2
0.906778362,2
0.906792503,2
0.906806641,2
0.906820777,2
0.906834911,2
0.906849044,2
0.906863174,2
0.906888127,2
0.906918816,2
0.906949495,2
0.906980165,2
0.907010826,2
0.907041478,2
0.907072121,2
0.907102755,2
0.907127816,2
0.907147706,2
0.907167592,2
0.907187475,2
0.907207354,2
0.907227128,2
0.907246727,2
0.907266323,2
0.907285915,2
0.907305503,2
0.907340126,2
0.907377702,2
0.907415124,2
0.907423043,2
0.907436534,2
0.907481223,2
0.907504107,2
0.90753645,2
0.907553338,2
0.907563971,2
0.90758378,2
0.907603585,2
0.907623387,2
0.907643185,2
0.907662979,2
0.907678102,2
0.907693215,2
0.907708326,2
0.907735504,2
0.907763095,2
0.90778376,2
0.907804419,2
0.907861269,2
0.907904673,2
0.907914714,2
0.90795615,2
0.90799771,2
0.908040062,2
0.908082397,2
0.908124713,2
0.908166405,2
0.908198837,2
0.908209157,2
0.908219475,2
0.908229792,2
0.908240108,2
0.908250422,2
0.908260736,2
0.908271047,2
0.908291147,2
0.908363626,2
0.908436052,2
0.908508427,2
0.908580751,2
0.908652761,2
0.908724384,2
0.908777972,2
0.908796186,2
0.9088138,2
0.90883141,2
0.908849017,2
0.908858675,2
0.90886656,2
0.908874444,2
0.908882328,2
0.908890196,2
0.908897664,2
0.908906944,2
0.908941542,2
0.908943759,2
0.908972744,2
0.909031063,2
0.909063754,2
0.909082357,2
0.909100454,2
0.909117709,2
0.90913496,2
0.909154331,2
0.909171167,2
0.909199693,2
0.909237973,2
0.909276117,2
0.90931352,2
0.909350908,2
0.909388283,2
0.909426806,2
0.909465625,2
0.909504428,2
0.909543217,2
0.909580998,2
0.909618047,2
0.909655082,2
0.909692103,2
0.9097227,2
0.909727494,2
0.909737182,2
0.909794632,2
0.909852048,2
0.909909432,2
0.909956383,2
0.90999464,2
0.910032881,2
0.910071109,2
0.910122121,2
0.910147227,2
0.910195349,2
0.910251632,2
0.910307883,2
0.910364103,2
0.910409307,2
0.910430871,2
0.910477587,2
0.91052425,2
0.910567166,2
0.910597346,2
0.91062717,2
0.910656984,2
0.91068679,2
0.910711439,2
0.910709445,2
0.910746724,2
0.910775934,2
0.910773496,2
0.910771057,2
0.910768603,2
0.910855029,2
0.910951804,2
0.910982431,2
0.911010795,2
0.91103915,2
0.911062889,2
0.911069926,2
0.911076963,2
0.911083999,2
0.911091034,2
0.911098069,2
0.911105103,2
0.911112136,2
0.911119169,2
0.911125993,2
0.911155073,2
0.911193253,2
0.911231417,2
0.911269565,2
0.911278545,2
0.911334527,2
0.911375191,2
0.911370595,2
0.911365998,2
0.911373307,2
0.911404654,2
0.911435887,2
0.91146668,2
0.911497464,2
0.911528239,2
0.911559003,2
0.911589758,2
0.911620503,2
0.911675824,2
0.911722121,2
0.911741009,2
0.911759813,2
0.911777571,2
0.911807103,2
0.911837733,2
0.911868354,2
0.911898965,2
0.911929566,2
0.911966025,2
0.911991759,2
0.912023178,2
0.912054587,2
0.9120853,2
0.912115953,2
0.912161593,2
0.9122115,2
0.91226206,2
0.912312339,2
0.912361536,2
0.912410708,2
0.912472854,2
0.912510502,2
0.912560037,2
0.912608874,2
0.912658224,2
0.912695019,2
0.912724753,2
0.912754477,2
0.912784192,2
0.912813897,2
0.912842757,2
0.91287083,2
0.91289941,2
0.912929679,2
0.912987621,2
0.913038371,2
0.913058232,2
0.913089399,2
0.913128101,2
0.913199457,2
0.913237756,2
0.913292998,2
0.913347414,2
0.913401122,2
0.913426679,2
0.91345316,2
0.913534172,2
0.913553482,2
0.913572772,2
0.913592057,2
0.913610921,2
0.913629344,2
0.913647763,2
0.913666178,2
0.913684778,2
0.913756143,2
0.913828532,2
0.913862179,2
0.91388341,2
0.913875297,2
0.913930573,2
0.913985817,2
0.914009496,2
0.914073035,2
0.914148497,2
0.914181285,2
0.914220286,2
0.91428392,2
0.91434751,2
0.914411058,2
0.914474563,2
0.914538026,2
0.914601137,2
0.914657078,2
0.914712986,2
0.91476886,2
0.914824702,2
0.91487996,2
0.914934775,2
0.914973061,2
0.915030697,2
0.915093277,2
0.915155816,2
0.915212664,2
0.915268228,2
0.915302066,2
0.915300588,2
0.91533602,2
0.915426696,2
0.915384765,2
0.915449464,2
0.915524841,2
0.915569384,2
0.915605746,2
0.915642093,2
0.915678426,2
0.915775577,2
0.915813369,2
0.915819114,2
0.915824075,2
0.915858188,2
0.91589646,2
0.915952606,2
0.916026198,2
0.91608206,2
0.916124509,2
0.916182893,2
0.916247011,2
0.91631284,2
0.916378623,2
0.916443416,2
0.916464989,2
0.916521831,2
0.916578194,2
0.916634523,2
0.916689954,2
0.916730115,2
0.916787098,2
0.916844046,2
0.91688055,2
0.91686423,2
0.916888845,2
0.916925122,2
0.916967528,2
0.917069905,2
0.917151432,2
0.91717723,2
0.917231329,2
0.917308579,2
0.91738533,2
0.917453607,2
0.917488926,2
0.917523403,2
0.917557505,2
0.917640988,2
0.917672463,2
0.917702392,2
0.917732164,2
0.917761927,2
0.91779116,2
0.917850498,2
0.917947243,2
0.918057162,2
0.918151976,2
0.918239878,2
0.918336843,2
0.918421663,2
0.91845585,2
0.918490025,2
0.918524186,2
0.918558334,2
0.918592468,2
0.91862659,2
0.918660698,2
0.918694794,2
0.918742775,2
0.918859545,2
0.918975993,2
0.919077263,2
0.919123746,2
0.919170197,2
0.919216625,2
0.919263028,2
0.919309407,2
0.9193556,2
0.919445441,2
0.919494592,2
0.919532083,2
0.91960093,2
0.919672455,2
0.919718529,2
0.91976458,2
0.919810606,2
0.919856608,2
0.919957816,2
0.920032034,2
0.920086955,2
0.920146478,2
0.920202109,2
0.920257074,2
0.920310735,2
0.920364363,2
0.920419367,2
0.920474847,2
0.920530291,2
0.920584931,2
0.920639236,2
0.920713133,2
0.920803802,2
0.920894375,2
0.920973119,2
0.921062809,2
0.921095273,2
0.921146942,2
0.921182477,2
0.921251848,2
0.921340749,2
0.921408271,2
0.921450936,2
0.921533333,2
0.921606539,2
0.92168107,2
0.921770688,2
0.921827786,2
0.921912929,2
0.921994635,2
0.922055415,2
0.922079967,2
0.922122363,2
0.922163075,2
0.92220523,2
0.922261553,2
0.922370088,2
0.922476379,2
0.922516754,2
0.922556981,2
0.922598268,2
0.922672271,2
0.922744829,2
0.922851053,2
0.922891513,2
0.922964531,2
0.923055639,2
0.923150687,2
0.923244186,2
0.923315657,2
0.923370011,2
0.923460601,2
0.923524998,2
0.923619587,2
0.923720284,2
0.923819767,2
0.923919677,2
0.924015518,2
0.92410793,2
0.924200239,2
0.924292444,2
0.924371837,2
0.924416859,2
0.924484974,2
0.924590875,2
0.924692304,2
0.924736414,2
0.924814408,2
0.924910062,2
0.924980253,2
0.925050709,2
0.92512245,2
0.925227846,2
0.925301982,2
0.925390816,2
0.925476582,2
0.925529968,2
0.925583266,2
0.925636529,2
0.925741063,2
0.925863174,2
0.925984726,2
0.926053636,2
0.926108562,2
0.926200124,2
0.926323062,2
0.926445812,2
0.926536342,2
0.926584672,2
0.926624623,2
0.926691417,2
0.926776377,2
0.926824788,2
0.926946685,2
0.92699114,2
0.927080317,2
0.927129859,2
0.927167918,2
0.927212306,2
0.927296146,2
0.927407592,2
0.927518341,2
0.927623846,2
0.927740559,2
0.927839567,2
0.927888015,2
0.927971122,2
0.928099748,2
0.92821307,2
0.928300765,2
0.928388361,2
0.928475857,2
0.928562491,2
0.928648718,2
0.928734849,2
0.928820884,2
0.928906823,2
0.928992666,2
0.929092765,2
0.929198639,2
0.929304367,2
0.929409948,2
0.929484917,2
0.92954357,2
0.929611729,2
0.929684041,2
0.92975844,2
0.929844011,2
0.929929277,2
0.930042685,2
0.930163458,2
0.930237742,2
0.930281067,2
0.930353197,2
0.930436974,2
0.930520651,2
0.930604235,2
0.930687726,2
0.930771124,2
0.930854429,2
0.930947648,2
0.931028259,2
0.931124246,2
0.93122011,2
0.931318152,2
0.931423731,2
0.931525844,2
0.931628002,2
0.931704717,2
0.931781799,2
0.931857338,2
0.931933866,2
0.932016712,2
0.93210982,2
0.932204179,2
0.932297732,2
0.932390748,2
0.932472539,2
0.932553978,2
0.932635844,2
0.932717359,2
0.932798527,2
0.932878978,2
0.932959341,2
0.933021563,2
0.933079807,2
0.933138005,2
0.933235715,2
0.93334252,2
0.933443147,2
0.933507182,2
0.933540299,2
0.933621412,2
0.93372361,2
0.933799172,2
0.93384684,2
0.933893858,2
0.933989717,2
0.934091891,2
0.934171896,2
0.934236428,2
0.93434924,2
0.934461297,2
0.934559518,2
0.934647974,2
0.934756131,2
0.934859791,2
0.934901076,2
0.934956672,2
0.935036005,2
0.935133799,2
0.935246896,2
0.935359554,2
0.935471489,2
0.935591581,2
0.935720771,2
0.935807594,2
0.93591985,2
0.936030988,2
0.936137269,2
0.936251628,2
0.936365423,2
0.936476735,2
0.936587865,2
0.936698657,2
0.936776413,2
0.936851242,2
0.936925634,2
0.936999945,2
0.937074174,2
0.937148321,2
0.937222281,2
0.937295996,2
0.937369629,2
0.937443182,2
0.937516654,2
0.937590045,2
0.937663356,2
0.937736587,2
0.937809737,2
0.937882807,2
0.937955797,2
0.938030289,2
0.938124693,2
0.938238265,2
0.938351643,2
0.93846044,2
0.938541154,2
0.93865225,2
0.938762169,2
0.938814597,2
0.938865348,2
0.938938098,2
0.939009437,2
0.939074972,2
0.939154489,2
0.939252682,2
0.939350727,2
0.939427567,2
0.939500429,2
0.939572521,2
0.939644532,2
0.939705237,2
0.939762541,2
0.939832449,2
0.939928715,2
0.940006231,2
0.940079676,2
0.940186734,2
0.940293613,2
0.940400313,2
0.940505576,2
0.940610636,2
0.940710668,2
0.940776548,2
0.940842567,2
0.940957323,2
0.941071306,2
0.941164249,2
0.941214591,2
0.94126489,2
0.941315147,2
0.941381092,2
0.941484056,2
0.941586851,2
0.941689476,2
0.941791931,2
0.941894217,2
0.941996334,2
0.942098282,2
0.94218732,2
0.942257849,2
0.942327887,2
0.942397846,2
0.942467725,2
0.942537524,2
0.942631791,2
0.942710954,2
0.942782032,2
0.942853025,2
0.942923936,2
0.942994763,2
0.943086917,2
0.943199976,2
0.943312534,2
0.943424881,2
0.943537018,2
0.943648946,2
0.943756329,2
0.943835995,2
0.943915555,2
0.943994539,2
0.944073059,2
0.944151146,2
0.94422862,2
0.944305992,2
0.944357638,2
0.94440323,2
0.944449723,2
0.9445578,2
0.944665679,2
0.94477292,2
0.944851176,2
0.944929326,2
0.945007262,2
0.945084445,2
0.945161526,2
0.945238506,2
0.945315383,2
0.945392159,2
0.945468834,2
0.945545407,2
0.945621878,2
0.945698248,2
0.945774727,2
0.945858403,2
0.945941958,2
0.946025391,2
0.946108703,2
0.946191894,2
0.946274963,2
0.946357911,2
0.946440739,2
0.946523446,2
0.946606032,2
0.946688498,2
0.946770905,2
0.946853594,2
0.946936162,2
0.947018609,2
0.947104317,2
0.947211607,2
0.947318669,2
0.94740354,2
0.947474958,2
0.947546283,2
0.947617517,2
0.947702134,2
0.947788086,2
0.947873903,2
0.947958905,2
0.948043776,2
0.948128516,2
0.948213124,2
0.948297602,2
0.948363821,2
0.948428196,2
0.948492495,2
0.948558243,2
0.948647716,2
0.948741366,2
0.948834853,2
0.948928179,2
0.949021344,2
0.949114348,2
0.949207192,2
0.949299875,2
0.949390701,2
0.949474109,2
0.949557387,2
0.949640535,2
0.949723553,2
0.949806442,2
0.949889201,2
0.94997183,2
0.950054331,2
0.950136702,2
0.950218945,2
0.950301059,2
0.950383045,2
0.950464902,2
0.950546366,2
0.950627372,2
0.950708251,2
0.950789005,2
0.950869634,2
0.950950137,2
0.951030515,2
0.951110768,2
0.951190896,2
0.95125977,2
0.951325908,2
0.951411388,2
0.951502456,2
0.951591452,2
0.951671474,2
0.95175137,2
0.951831141,2
0.951910786,2
0.951990307,2
0.952069298,2
0.95214807,2
0.952226718,2
0.952305244,2
0.952383647,2
0.952461928,2
0.952540014,2
0.952609732,2
0.952679353,2
0.952748876,2
0.952818302,2
0.952887632,2
0.952961703,2
0.953040084,2
0.953118341,2
0.953196473,2
0.953274482,2
0.953352367,2
0.953430129,2
0.953507767,2
0.953585282,2
0.953662674,2
0.953739944,2
0.953817091,2
0.953894115,2
0.953971017,2
0.954047797,2
0.954124455,2
0.954200992,2
0.954277406,2
0.9543537,2
0.954429872,2
0.954505923,2
0.954581853,2
0.954657663,2
0.954733352,2
0.95480892,2
0.954884369,2
0.954959697,2
0.955034906,2
0.955109995,2
0.955184964,2
0.955259814,2
0.955334545,2
0.955409157,2
0.95548365,2
0.955558024,2
0.955632236,2
0.955707865,2
0.955780118,2
0.955854083,2
0.95592793,2
0.956001659,2
0.95607527,2
0.956148764,2
0.956222082,2
0.956295279,2
0.956368359,2
0.956441323,2
0.95651417,2
0.956586901,2
0.956659515,2
0.956731889,2
0.956803704,2
0.956865142,2
0.956926497,2
0.956987672,2
0.957048741,2
0.957130194,2
0.957187396,2
0.957244525,2
0.957301373,2
0.957358011,2
0.957414578,2
0.957474883,2
0.95753539,2
0.957595814,2
0.957656156,2
0.957716416,2
0.957776595,2
0.957838187,2
0.957920776,2
0.958003209,2
0.958085488,2
0.958167613,2
0.958249583,2
0.9583314,2
0.958413064,2
0.958494574,2
0.958575932,2
0.958657136,2
0.958738188,2
0.958819088,2
0.958899837,2
0.958975616,2
0.959044023,2
0.959112032,2
0.959179735,2
0.95924733,2
0.9593113,2
0.959370643,2
0.959427429,2
0.95948414,2
0.959540774,2
0.959597332,2
0.959653815,2
0.959710222,2
0.959766554,2
0.959825424,2
0.959896707,2
0.959970525,2
0.96003946,2
0.960110661,2
0.960179921,2
0.960237602,2
0.960295202,2
0.960352723,2
0.960410163,2
0.960467523,2
0.960524804,2
0.960582004,2
0.960639126,2
0.960696167,2
0.96075313,2
0.960810013,2
0.960866817,2
0.960923136,2
0.960979181,2
0.961035264,2
0.961105556,2
0.961175726,2
0.961245774,2
0.9613157,2
0.961385505,2
0.96144048,2
0.961510371,2
0.961588255,2
0.961665791,2
0.961735815,2
0.961805717,2
0.961875495,2
0.961945151,2
0.962014228,2
0.962083151,2
0.962149967,2
0.962207544,2
0.962265036,2
0.962322198,2
0.962379071,2
0.962435861,2
0.962492569,2
0.962549194,2
0.962600918,2
0.962651298,2
0.962701612,2
0.962751862,2
0.962802046,2
0.962860917,2
0.962924644,2
0.962988266,2
0.963051783,2
0.963112565,2
0.963168639,2
0.963224631,2
0.963280541,2
0.963336369,2
0.963392115,2
0.96344778,2
0.963503363,2
0.963558964,2
0.963625798,2
0.963692515,2
0.963759113,2
0.963825594,2
0.963891957,2
0.963958203,2
0.964024332,2
0.964090345,2
0.96415624,2
0.964222019,2
0.964287611,2
0.964352459,2
0.964404134,2
0.964455737,2
0.964507151,2
0.964558296,2
0.96460937,2
0.964660373,2
0.964711305,2
0.964762166,2
0.964812957,2
0.964863677,2
0.964914327,2
0.964964906,2
0.965015415,2
0.965065854,2
0.965123117,2
0.965183079,2
0.965242942,2
0.965302705,2
0.96536237,2
0.965421935,2
0.965480261,2
0.96553175,2
0.965583165,2
0.965634506,2
0.965685772,2
0.965736966,2
0.965788085,2
0.965843411,2
0.965901168,2
0.96595883,2
0.966016399,2
0.966073873,2
0.966131254,2
0.966188541,2
0.966245734,2
0.895972914,3
0.895961575,3
0.896033159,3
0.8961047,3
0.896176196,3
0.896247649,3
0.896284923,3
0.896313195,3
0.896340118,3
0.896366311,3
0.896391038,3
0.896381827,3
0.896372616,3
0.896363403,3
0.89635419,3
0.896458222,3
0.896555904,3
0.896585556,3
0.896615198,3
0.896644831,3
0.896674453,3
0.896701832,3
0.896728923,3
0.896792606,3
0.896877205,3
0.896961741,3
0.897046215,3
0.897130628,3
0.897214978,3
0.897299267,3
0.897383494,3
0.897437092,3
0.897467416,3
0.897497731,3
0.897528038,3
0.897557749,3
0.897627108,3
0.897699822,3
0.89776536,3
0.89776024,3
0.897758852,3
0.897876633,3
0.897994293,3
0.898111833,3
0.898220184,3
0.89829566,3
0.898371393,3
0.89849719,3
0.898622848,3
0.898746638,3
0.898768798,3
0.898786653,3
0.898852807,3
0.898944195,3
0.899034393,3
0.899123725,3
0.899212986,3
0.899301701,3
0.899389493,3
0.899446151,3
0.899460853,3
0.899569475,3
0.899677191,3
0.899764657,3
0.899814467,3
0.899860936,3
0.899846712,3
0.899919335,3
0.899972724,3
0.90005401,3
0.900102829,3
0.900151626,3
0.900200401,3
0.900297265,3
0.900362669,3
0.900396078,3
0.900429477,3
0.900462866,3
0.900496021,3
0.900535681,3
0.900578676,3
0.900616395,3
0.900637555,3
0.900662053,3
0.900695575,3
0.900822608,3
0.900870552,3
0.900918193,3
0.900925317,3
0.900902881,3
0.900942941,3
0.901070178,3
0.901122007,3
0.901162563,3
0.901202418,3
0.901242258,3
0.901282084,3
0.901320989,3
0.901359775,3
0.901374054,3
0.901382026,3
0.901464743,3
0.90158766,3
0.90168146,3
0.901729418,3
0.901776307,3
0.901822536,3
0.901847142,3
0.901871742,3
0.901907902,3
0.902014097,3
0.90206414,3
0.902111358,3
0.90215848,3
0.902227457,3
0.902299989,3
0.902372473,3
0.902444909,3
0.902467763,3
0.902499438,3
0.902597986,3
0.902688497,3
0.902810779,3
0.902885255,3
0.902959518,3
0.903030955,3
0.9030937,3
0.903176517,3
0.903250305,3
0.903358069,3
0.90354027,3
0.903654533,3
0.903764942,3
0.903872937,3
0.903921343,3
0.904038302,3
0.904170379,3
0.904302293,3
0.904424364,3
0.904534332,3
0.904553754,3
0.90457025,3
0.904592126,3
0.904782374,3
0.904972281,3
0.905161847,3
0.905302232,3
0.905299333,3
0.905291632,3
0.905283601,3
0.905389921,3
0.905664117,3
0.905739799,3
0.905919103,3
0.906064042,3
0.906186381,3
0.906256606,3
0.906328952,3
0.906397413,3
0.90646547,3
0.906533482,3
0.90660145,3
0.906663601,3
0.906694852,3
0.906726093,3
0.906778155,3
0.906848701,3
0.906918861,3
0.906982578,3
0.907068167,3
0.907133421,3
0.907204328,3
0.907286953,3
0.907379784,3
0.907472532,3
0.907561039,3
0.907627613,3
0.907698744,3
0.907767527,3
0.907836264,3
0.907904955,3
0.908032265,3
0.908180194,3
0.908189245,3
0.908211603,3
0.908360578,3
0.90850863,3
0.908586192,3
0.908653698,3
0.908748813,3
0.908859669,3
0.908989782,3
0.909083125,3
0.909194299,3
0.90930535,3
0.909413497,3
0.909505518,3
0.909597456,3
0.909689308,3
0.909781077,3
0.909879442,3
0.910000238,3
0.910120889,3
0.910241393,3
0.910380688,3
0.910481966,3
0.910602034,3
0.910721957,3
0.910841735,3
0.910961368,3
0.911082872,3
0.911204141,3
0.911339172,3
0.911441534,3
0.911562358,3
0.911765805,3
0.911993734,3
0.912177313,3
0.912202224,3
0.912353793,3
0.912474172,3
0.912496883,3
0.912519589,3
0.912628109,3
0.912744735,3
0.91286122,3
0.912977563,3
0.913064364,3
0.913200571,3
0.91330758,3
0.913424003,3
0.913508644,3
0.913593211,3
0.913677702,3
0.913761061,3
0.913843296,3
0.914041688,3
0.914231237,3
0.91437683,3
0.914492795,3
0.914607294,3
0.914721653,3
0.914801113,3
0.914877844,3
0.914922482,3
0.915033745,3
0.915076674,3
0.915084594,3
0.915210664,3
0.915290417,3
0.915359235,3
0.915463225,3
0.9155723,3
0.915671986,3
0.915776782,3
0.91588146,3
0.915986019,3
0.916097885,3
0.91626415,3
0.916345082,3
0.91651029,3
0.916675615,3
0.916798566,3
0.916919046,3
0.917101482,3
0.917302102,3
0.917521288,3
0.917688775,3
0.917822693,3
0.917920568,3
0.918015537,3
0.91811575,3
0.918206188,3
0.918302265,3
0.918414234,3
0.918558766,3
0.918634627,3
0.918689055,3
0.918855041,3
0.918967552,3
0.919083513,3
0.91921689,3
0.919329241,3
0.919378031,3
0.919533931,3
0.919657735,3
0.919847174,3
0.919967952,3
0.920036882,3
0.920096671,3
0.920201433,3
0.920329292,3
0.920481188,3
0.920608419,3
0.920719195,3
0.920866968,3
0.920997489,3
0.921125464,3
0.921252328,3
0.921381199,3
0.921503669,3
0.921681007,3
0.921878273,3
0.922080935,3
0.922244054,3
0.922374813,3
0.9225121,3
0.922666417,3
0.922826935,3
0.92306178,3
0.92333223,3
0.923601807,3
0.923813583,3
0.923904157,3
0.924070755,3
0.924171309,3
0.924271092,3
0.924529183,3
0.924712505,3
0.92485984,3
0.92500691,3
0.925153715,3
0.925300177,3
0.925446511,3
0.925584497,3
0.925677978,3
0.925743234,3
0.925836988,3
0.925931027,3
0.926042201,3
0.926190412,3
0.92635969,3
0.926509502,3
0.926665088,3
0.926858349,3
0.926974809,3
0.92712908,3
0.927311806,3
0.927478176,3
0.927693088,3
0.927841342,3
0.928030112,3
0.928180143,3
0.928315426,3
0.928371448,3
0.928507326,3
0.928655166,3
0.928803088,3
0.92895864,3
0.92910032,3
0.929245156,3
0.929408039,3
0.929557967,3
0.929716432,3
0.929875631,3
0.930035331,3
0.930168588,3
0.930302257,3
0.930509748,3
0.930669319,3
0.930810416,3
0.930892922,3
0.931053014,3
0.931280677,3
0.931451541,3
0.931608983,3
0.93176335,3
0.931916961,3
0.932071259,3
0.93222749,3
0.932383298,3
0.932535301,3
0.932686986,3
0.93284602,3
0.933034321,3
0.933194626,3
0.933343906,3
0.933451381,3
0.933581556,3
0.93375046,3
0.933901816,3
0.934052851,3
0.934207233,3
0.934406431,3
0.934618909,3
0.934790942,3
0.934949146,3
0.93504505,3
0.935203939,3
0.935368684,3
0.935533039,3
0.935718202,3
0.935922964,3
0.936071657,3
0.936226021,3
0.936394898,3
0.936579299,3
0.936732886,3
0.936890945,3
0.936995071,3
0.937171764,3
0.937339581,3
0.937485574,3
0.937631792,3
0.93779106,3
0.937949108,3
0.938106465,3
0.93826345,3
0.938403512,3
0.93853211,3
0.938660456,3
0.938788552,3
0.938954377,3
0.939153627,3
0.939284829,3
0.939412055,3
0.939538964,3
0.939726864,3
0.939943415,3
0.94003427,3
0.94014148,3
0.940335451,3
0.940535166,3
0.940734253,3
0.940888689,3
0.941040962,3
0.941202961,3
0.941388381,3
0.941573252,3
0.941757074,3
0.941939107,3
0.942120605,3
0.942280688,3
0.942407417,3
0.942533869,3
0.942657969,3
0.942781816,3
0.942905412,3
0.943034471,3
0.943194617,3
0.943378487,3
0.943551073,3
0.943722476,3
0.943891633,3
0.944060312,3
0.944228513,3
0.94439561,3
0.94456184,3
0.944693314,3
0.944800666,3
0.944906563,3
0.945012267,3
0.945117781,3
0.945223104,3
0.945328237,3
0.94543318,3
0.945598045,3
0.945735267,3
0.945894384,3
0.94605641,3
0.946254841,3
0.946452584,3
0.946649639,3
0.94684601,3
0.947041699,3
0.947233913,3
0.947382897,3
0.947523961,3
0.947664667,3
0.947805016,3
0.947945009,3
0.948084646,3
0.948223792,3
0.948374086,3
0.948557198,3
0.948739694,3
0.948921577,3
0.949102848,3
0.94927446,3
0.949403344,3
0.949525977,3
0.949648329,3
0.949770401,3
0.949892191,3
0.950013702,3
0.950134934,3
0.950255887,3
0.950376562,3
0.950496959,3
0.950617676,3
0.950772669,3
0.9509272,3
0.951084321,3
0.951236592,3
0.95138906,3
0.951542564,3
0.951695608,3
0.951848193,3
0.95200032,3
0.952151632,3
0.952292361,3
0.952398099,3
0.952516581,3
0.952661256,3
0.952805512,3
0.95294935,3
0.953092771,3
0.953235637,3
0.953377793,3
0.953519538,3
0.953660872,3
0.953801798,3
0.953942316,3
0.954082427,3
0.954222132,3
0.954361415,3
0.954491526,3
0.954611525,3
0.954731222,3
0.954860749,3
0.955005297,3
0.955131556,3
0.955279402,3
0.955441889,3
0.955599539,3
0.955735568,3
0.955870357,3
0.955984291,3
0.95609278,3
0.956201014,3
0.956322003,3
0.956456782,3
0.956591163,3
0.956725149,3
0.95685874,3
0.9569914,3
0.957123434,3
0.95724888,3
0.957349746,3
0.957450384,3
0.95757816,3
0.957730273,3
0.957881864,3
0.958032935,3
0.958171778,3
0.958295573,3
0.958422646,3
0.958541043,3
0.958659117,3
0.95877687,3
0.958894301,3
0.959018161,3
0.959147672,3
0.959276792,3
0.95940552,3
0.959533858,3
0.959661808,3
0.95978937,3
0.959916546,3
0.960042653,3
0.960131175,3
0.960217479,3
0.960303602,3
0.960391586,3
0.960504672,3
0.960617089,3
0.960737261,3
0.960864704,3
0.96099175,3
0.9611184,3
0.961244655,3
0.961374138,3
0.961497226,3
0.961623523,3
0.961749315,3
0.96187394,3
0.961998176,3
0.962122022,3
0.96224548,3
0.962359375,3
0.962468622,3
0.962577046,3
0.962685022,3
0.962785183,3
0.962880756,3
0.962976093,3
0.963071194,3
0.9631717,3
0.963293181,3
0.963414277,3
0.963534988,3
0.963646282,3
0.963751969,3
0.963856643,3
0.963954186,3
0.964041256,3
0.964128125,3
0.96421479,3
0.964301254,3
0.96443183,3
0.964578693,3
0.96468703,3
0.964790346,3
0.964892298,3
0.965021479,3
0.965149917,3
0.965245399,3
0.965340627,3
0.965435603,3
0.965530328,3
0.965624801,3
0.965750837,3
0.965881019,3
0.966010724,3
0.966139623,3
0.966267347,3
0.966394605,3
0.966521398,3
0.966639549,3
0.966724673,3
0.966808801,3
0.966892723,3
0.966984177,3
0.967061167,3
0.967145456,3
0.967229536,3
0.967313408,3
0.967404512,3
0.967507215,3
0.967609604,3
0.967711682,3
0.967813448,3
0.967914904,3
0.96801605,3
0.968116888,3
0.968212694,3
0.968318566,3
0.968419302,3
0.968519727,3
0.968619844,3
0.968719261,3
0.968818139,3
0.968916389,3
0.969013105,3
0.969089082,3
0.969164879,3
0.969240496,3
0.969315889,3
0.969390949,3
0.969465831,3
0.969559054,3
0.969666076,3
0.969772733,3
0.969879027,3
0.969984958,3
0.970090528,3
0.970195738,3
0.970284216,3
0.97037132,3
0.970458176,3
0.970561163,3
0.970665029,3
0.970760168,3
0.970837003,3
0.970913641,3
0.970990083,3
0.97108493,3
0.971190601,3
0.971295769,3
0.971400261,3
0.971504372,3
0.971608114,3
0.971711489,3
0.971803032,3
0.971910054,3
0.972005223,3
0.972101427,3
0.972190627,3
0.972279495,3
0.972367994,3
0.972456218,3
0.972544168,3
0.972631845,3
0.97271915,3
0.972805907,3
0.972892396,3
0.972978617,3
0.973064571,3
0.97315026,3
0.973235684,3
0.973320843,3
0.973405738,3
0.973490371,3
0.973574742,3
0.973658852,3
0.973742689,3
0.973826167,3
0.973909387,3
0.97399235,3
0.974075056,3
0.974157505,3
0.9742397,3
0.974327978,3
0.974418377,3
0.974507934,3
0.974594633,3
0.97468865,3
0.974778179,3
0.974863112,3
0.974941646,3
0.975019613,3
0.975097343,3
0.975174837,3
0.975249344,3
0.975322563,3
0.975395571,3
0.975468369,3
0.975540956,3
0.975613334,3
0.975685503,3
0.975757464,3
0.975833795,3
0.975910892,3
0.975987749,3
0.976064367,3
0.976140747,3
0.976216888,3
0.976292793,3
0.976368325,3
0.976443526,3
0.976508254,3
0.976573519,3
0.976653601,3
0.976733416,3
0.976812964,3
0.976892356,3
0.976968032,3
0.977040111,3
0.977112728,3
0.977186014,3
0.977259071,3
0.977331899,3
0.977404279,3
0.977476423,3
0.977548341,3
0.977620035,3
0.977691506,3
0.977762753,3
0.977833778,3
0.977904581,3
0.977971573,3
0.978038194,3
0.978104469,3
0.978170548,3
0.97823519,3
0.978302651,3
0.978368461,3
0.978433925,3
0.978500972,3
0.978568235,3
0.978635291,3
0.978706819,3
0.97877945,3
0.978851838,3
0.978923985,3
0.978995891,3
0.979067557,3
0.979138983,3
0.979208984,3
0.979258427,3
0.97930775,3
0.9793595,3
0.979424133,3
0.979488568,3
0.979552696,3
0.979616598,3
0.979680305,3
0.979743816,3
0.979807133,3
0.979870256,3
0.979933186,3
0.97999831,3
0.980068782,3
0.980134919,3
0.980201643,3
0.980268754,3
0.980330538,3
0.980387644,3
0.980450144,3
0.980518033,3
0.980585691,3
0.980653118,3
0.980720316,3
0.980787285,3
0.980863258,3
0.980930231,3
0.980995071,3
0.981059005,3
0.981119883,3
0.981184336,3
0.981249724,3
0.981314889,3
0.981379832,3
0.981443532,3
0.981506784,3
0.981567979,3
0.981632577,3
0.981695273,3
0.981757683,3
0.981819884,3
0.981881877,3
0.981943662,3
0.982005241,3
0.982066613,3
0.98212778,3
0.982188742,3
0.9822495,3
0.982309796,3
0.982367372,3
0.982416869,3
0.982466231,3
0.982515455,3
0.982564544,3
0.982613498,3
0.982662316,3
0.982710999,3
0.982759434,3
0.982813437,3
0.982867934,3
0.982922261,3
0.982976419,3
0.983030409,3
0.983084229,3
0.983137883,3
0.983191369,3
0.983244688,3
0.983297841,3
0.983350828,3
0.98340365,3
0.983457445,3
0.983515924,3
0.9835742,3
0.983632274,3
0.983690145,3
0.983747816,3
0.983805285,3
0.983862555,3
0.983919625,3
0.983976497,3
0.984033081,3
0.984080408,3
0.984125694,3
0.984170852,3
0.984215884,3
0.98426079,3
0.98430557,3
0.984350224,3
0.984401491,3
0.98445317,3
0.984505627,3
0.98456087,3
0.98461592,3
0.984670776,3
0.984725439,3
0.984775106,3
0.984823161,3
0.984871066,3
0.984918822,3
0.98496643,3
0.985013889,3
0.985061423,3
0.98511111,3
0.985160634,3
0.985209996,3
0.985259196,3
0.985308235,3
0.985357113,3
0.985405831,3
0.985454389,3
0.985502788,3
0.985551028,3
0.98559911,3
0.985647034,3
0.985694801,3
0.985742242,3
0.985789422,3
0.985836448,3
0.985883321,3
0.985930041,3
0.985976608,3
0.986023023,3
0.986069287,3
0.9861154,3
0.986161362,3
0.986207174,3
0.986252836,3
0.986296494,3
0.986335139,3
0.986373677,3
0.986417501,3
0.986464655,3
0.986511647,3
0.986558478,3
0.986605149,3
0.98665166,3
0.986698011,3
0.986744204,3
0.986790239,3
0.986835169,3
0.986878947,3
0.986918906,3
0.986957921,3
0.987001215,3
0.987049782,3
0.987095748,3
0.98713881,3
0.987181729,3
0.9872245,3
0.987267051,3
0.987309462,3
0.987351734,3
0.987393867,3
0.987435861,3
0.987477717,3
0.987519435,3
0.987561017,3
0.987602461,3
0.987643769,3
0.987684941,3
0.987725977,3
0.987766879,3
0.98781304,3
0.98786133,3
0.987909431,3
0.987957343,3
0.988005068,3
0.988052606,3
0.988099957,3
0.9881431,3
0.988184526,3
0.988225809,3
0.98826695,3
0.988307948,3
0.988348804,3
0.98838952,3
0.988430095,3
0.988470529,3
0.988510824,3
0.98855098,3
0.988590806,3
0.988630481,3
0.98867002,3
0.988709423,3
0.98874869,3
0.988787822,3
0.98882682,3
0.988865684,3
0.988904413,3
0.98894301,3
0.988981474,3
0.989019806,3
0.989058005,3
0.989096074,3
0.989134011,3
0.989171818,3
0.989209494,3
0.989247041,3
0.989284424,3
0.98932167,3
0.989358787,3
0.989393888,3
0.989426873,3
0.989459751,3
0.989492474,3
0.989525097,3
0.989557619,3
0.989590042,3
0.989622365,3
0.989654588,3
0.989686713,3
0.989718739,3
0.989750666,3
0.989782496,3
0.989814227,3
0.989845861,3
0.989877398,3
0.989908838,3
0.989940181,3
0.989971427,3
0.990002578,3
0.990033633,3
0.990064488,3
0.990095218,3
0.990125853,3
0.990156395,3
0.990190006,3
0.990224085,3
0.990258047,3
0.990288937,3
0.990322139,3
