26-Jan-26,2007,2008,2009,2010,2011,2012,2013,2014,2015,2016,2017,2018,2019,2020,2021
   '*****FED PASTURES*****,2007,2008,2009,2010,2011,2012,2013,2014,2015,2016,2017,2018,2019,2020,2021
EAST YANA  PASTURE (high fenced),100.00%,100.00%,100.00%,100.00%,100.00%,100.00%,100.00%,100.00%,100.00%,100.00%,100.00%,100.00%,100.00%,100.00%,100.00%
    ACRES,"1,100","1,100","1,100","1,100","1,100","1,100","1,100","1,053","1,053","1,053","1,053","1,053","1,053","1,053","1,053"
    YEARLING BUCKS (1 1/2 years),8,16,18,13,24,11,13,23,22,17,5,4,6,6,4
    MIDDLE AGED BUCKS (2 1/2 & 3 1/2 years),40,18,25,19,36,38,26,32,50,18,11,8,11,12,8
    MATURE BUCKS (4 1/2 years+),32,21,29,17,24,20,36,34,37,18,18,29,17,22,25
      Mature Average: <10 pts,21,8,11,4,8,6,10,5,10,4,3,5,12,9,6
      Mature Average: >=10 pts,3,3,7,3,4,6,14,9,4,3,2,6,1,4,6
      Mature Trophy (>150 B & C): < 10 pts.,0,2,1,2,1,1,1,3,1,0,2,3,0,2,0
      Mature Trophy (>150 B &C): >= 10 pts.,8,8,10,8,11,7,11,17,22,11,11,15,4,7,13
    TOTAL BUCKS,80,55,72,49,84,69,75,89,109,53,34,41,34,40,37
       % Yearling Bucks,10%,29%,25%,27%,29%,16%,17%,26%,20%,32%,15%,10%,18%,15%,11%
       % MIddle Aged Bucks,50%,33%,35%,39%,43%,55%,35%,36%,46%,34%,32%,20%,32%,30%,22%
       % Mature Bucks,40%,38%,40%,35%,29%,29%,48%,38%,34%,34%,53%,71%,50%,55%,68%
       % Mature Bucks > 10 points,34%,52%,59%,65%,63%,65%,69%,76%,70%,78%,72%,72%,29%,50%,76%
    DOES,41,38,55,53,86,69,44,79,91,45,35,29,51,44,56
    FAWNS,35,42,38,34,30,51,46,70,68,26,13,9,33,33,31
    TOTAL DEER,156,135,165,136,200,189,165,238,268,124,82,79,118,117,124
    % FAWN CROP,85.37%,110.53%,69.09%,64.15%,34.88%,73.91%,104.55%,88.61%,74.73%,57.78%,37.14%,31.03%,64.71%,75.00%,55.36%
    DOE/BUCK RATIO,0.51,0.69,0.76,1.08,1.02,1,0.59,0.89,0.83,0.85,1.03,0.71,1.5,1.1,1.51
    AC./ ADULT DEER,9.09,11.83,8.66,10.78,6.47,7.97,9.24,6.27,5.27,10.74,15.26,15.04,12.39,12.54,11.32
    AC./ TOTAL DEER,7.05,8.15,6.67,8.09,5.5,5.82,6.67,4.42,3.93,8.49,12.84,13.33,8.92,9,8.49
    BUCK FAWNS ON THE GROUND ,18,21,19,17,15,26,23,35,34,13,7,5,17,17,16
     Target # of Buck Fawns on the Ground ,22,22,22,22,22,22,22,22,22,22,22,22,22,22,22
      Target # of Buck Fawns/ 1000 acres ,20,20,20,20,20,20,20,20,20,20,20,20,20,20,20
   Number of Feeders,12,12,12,12,12,12,12,12,12,12,12,12,12,12,12
   Total Deer per Feeder,13,11,14,11,17,16,14,20,22,10,7,7,10,10,10
    TURKEYS,,,,,,6,0,0,0,0,0,0,0,4,0
    TROPHIES (greater than or = to 150),8,10,11,10,12,8,12,20,23,11,13,18,4,9,13
    ACRES PER TROPHY,138,110,100,110,92,138,92,53,46,96,81,59,263,117,81
    PROBABLE GOLD BUCKS,,,,,,,,,,,,,,,
    PROBABLE SILVER BUCKS,,,,,,,,,,,,,,,
    QUAIL COVEYS: BOBWHITES,10,6,4,7,1,4,11,12,5,6,0,1,5,0,0
    QUAIL COVEYS: BLUES,12,1,0,3,0,1,3,3,2,5,6,5,8,2,6
    TOTAL QUAIL COVEYS,22,7,4,10,1,5,14,15,7,11,6,6,13,2,6
    ACRES/ QUAIL COVEY,50,157,275,110,1100,220,79,70,150,96,176,176,81,527,176
    MILES,,,,,,,,14.97,15.97,15.97,15.97,15.97,15.97,15.97,15.97
    COVEYS PER MILE,,,,,,,,1,0.44,0.69,0.38,0.38,0.81,0.13,0.38
    COYOTES,1,0,0,0,1,0,2,1,1,2,1,1,1,2,0
    JAVELINA,12,0,8,0,1,0,21,2,0,1,3,9,3,0,18
    HOGS,0,0,0,,0,0,0,0,0,0,0,4,0,0,1
    Doe Harvest,0,0,-16,0,-15,-10,-16,-46,-98,-4,0,-1,0,-16,
    Doe Fawn Harvest,-9,0,0,-5,-23,-21,-7,-43,-60,-14,-16,0,-19,-22,
    Buck Harvest: Adults,-12,-17,-23,-18,-23,-4,-10,-29,-169,-12,-4,-4,-4,-13,
    Buck Harvest: Fawns,0,0,0,0,0,0,0,0,-47,0,0,0,0,-1,
    Total Harvest,-21,-17,-39,-23,-61,-35,-33,-118,-374,-30,-20,-5,-23,-52,
    Expected Females: following year,46,55,54,62,60,58,39,18,-40,37,24,32,45,19,
    Expected Males: following year,82,55,64,45,73,85,83,88,-80,51,35,41,43,39,
WEST YANA  PASTURE (high fenced),100.00%,100.00%,100.00%,100.00%,100.00%,100.00%,100.00%,100.00%,100.00%,100.00%,100.00%,100.00%,100.00%,100.00%,100.00%
    ACRES,"1,100","1,100","1,100","1,100","1,100","1,100","1,100","1,100","1,100","1,100","1,100","1,100","1,100","1,100","1,100"
    YEARLING BUCKS (1 1/2 years),5,15,13,10,28,21,33,35,29,8,12,3,6,10,9
    MIDDLE AGED BUCKS (2 1/2 & 3 1/2 years),4,0,10,22,19,24,44,45,34,9,13,13,18,26,19
    MATURE BUCKS (4 1/2 years+),3,4,2,6,7,15,25,42,49,35,24,36,34,48,46
      Mature Average: <10 pts,0,1,0,1,2,2,7,2,20,3,4,7,8,4,8
      Mature Average: >=10 pts,2,1,1,3,0,3,1,8,4,5,3,9,5,16,9
      Mature Trophy (>150 B & C): < 10 pts.,0,0,0,0,0,0,2,2,2,1,0,1,1,1,0
      Mature Trophy (>150 B &C): >= 10 pts.,1,2,1,2,5,10,15,30,23,26,17,19,21,27,29
    TOTAL BUCKS,12,19,25,38,54,60,102,122,112,52,49,52,58,84,74
       % Yearling Bucks,42%,79%,52%,26%,52%,35%,32%,29%,26%,15%,24%,6%,10%,12%,12%
       % MIddle Aged Bucks,33%,0%,40%,58%,35%,40%,43%,37%,30%,17%,27%,25%,31%,31%,26%
       % Mature Bucks,25%,21%,8%,16%,13%,25%,25%,34%,44%,67%,49%,69%,59%,57%,62%
       % Mature Bucks > 10 points,100%,75%,100%,83%,71%,87%,64%,90%,55%,89%,83%,78%,76%,90%,83%
    DOES,32,29,43,22,73,67,60,65,101,60,43,35,47,96,40
    FAWNS,33,11,23,22,46,53,46,54,74,31,26,21,30,26,33
    TOTAL DEER,77,59,91,82,173,180,208,241,287,143,118,108,135,206,147
    % FAWN CROP,103.13%,37.93%,53.49%,100.00%,63.01%,79.10%,76.67%,83.08%,73.27%,51.67%,60.47%,60.00%,63.83%,27.08%,82.50%
    DOE/BUCK RATIO,2.67,1.53,1.72,0.58,1.35,1.12,0.59,0.53,0.9,1.15,0.88,0.67,0.81,1.14,0.54
    AC./ ADULT DEER,25,22.92,16.18,18.33,8.66,8.66,6.79,5.88,5.16,9.82,11.96,12.64,10.48,6.11,9.65
    AC./ TOTAL DEER,14.29,18.64,12.09,13.41,6.36,6.11,5.29,4.56,3.83,7.69,9.32,10.19,8.15,5.34,7.48
    BUCK FAWNS ON THE GROUND ,17,6,12,11,23,27,23,27,37,16,13,11,15,13,17
     Target # of Buck Fawns on the Ground ,22,22,22,22,22,22,22,22,22,22,22,22,22,22,22
      Target # of Buck Fawns/ 1000 acres ,20,20,20,20,20,20,20,20,20,20,20,20,20,20,20
   Number of Feeders,12,12,12,12,12,12,12,12,12,12,12,12,12,12,12
   Total Deer per Feeder,6,5,8,7,14,15,17,20,24,12,10,9,11,17,12
    TURKEYS,0,,,,,,,0,0,0,0,0,0,0,0
    TROPHIES (greater than or = to 150),1,2,1,2,5,10,17,32,25,27,17,20,22,28,29
    ACRES PER TROPHY,1100,550,1100,550,220,110,65,34,44,41,65,55,50,39,38
    PROBABLE GOLD BUCKS,,,,,,,,,,,,,,,
    PROBABLE SILVER BUCKS,,,,,,,,,,,,,,,
    QUAIL COVEYS: BOBWHITES,0,5,0,0,1,2,11,6,2,8,4,1,3,0,0
    QUAIL COVEYS: BLUES,6,2,1,1,3,2,2,1,3,5,1,3,2,2,2
    TOTAL QUAIL COVEYS,6,7,1,1,4,4,13,7,5,13,5,4,5,2,2
    ACRES/ QUAIL COVEY,183,157,1100,1100,275,275,85,157,220,85,220,275,220,550,550
    MILES,,,,,,,,15.25,15.25,15.25,15.25,15.25,15.25,15.25,15.25
    COVEYS PER MILE,,,,,,,,0.46,0.33,0.85,0.33,0.26,0.33,0.13,0.13
    COYOTES,1,4,1,1,0,1,0,1,0,2,1,0,1,2,1
    JAVELINA,9,16,11,9,27,24,18,8,18,2,6,8,14,0,18
    HOGS,0,0,0,0,0,0,0,0,0,0,0,0,0,0,0
    Doe Harvest,-31,0,0,0,-15,-10,-16,-46,-117,-10,-6,0,-1,-34,
    Doe Fawn Harvest,-13,0,0,0,-8,-20,0,-24,-19,-25,-8,0,-1,-7,
    Buck Harvest: Adults,-28,-2,0,-1,-1,-1,-3,-27,-68,-3,-4,0,-4,-12,
    Buck Harvest: Fawns,-10,0,0,0,-1,0,0,-1,-32,-6,0,0,0,-1,
    Total Harvest,-82,-2,0,-1,-25,-31,-19,-98,-236,-44,-18,0,-6,-54,
    Expected Females: following year,1,33,52,31,68,58,62,17,-5,37,39,43,57,65,
    Expected Males: following year,-9,21,34,46,70,80,117,116,42,55,55,60,66,81,
,,,,,,,,,,,,,,,
,,,,,,,,,,,,,,,
,,,,,,,,,,,,,,,
,,,,,,,,,,,,,,,
,,,,,,,,,,,,,,,
,,,,,,,,,,,,,,,
,,,,,,,,,,,,,,,
,,,,,,,,,,,,,,,
,,,,,,,,,,,,,,,
,,,,,,,,,,,,,,,
,,,,,,,,,,,,,,,
,,,,,,,,,,,,,,,
,,,,,,,,,,,,,,,
,,,,,,,,,,,,,,,
,,,,,,,,,,,,,,,
,,,,,,,,,,,,,,,
,,,,,,,,,,,,,,,
,,,,,,,,,,,,,,,
,,,,,,,,,,,,,,,
,,,,,,,,,,,,,,,
,,,,,,,,,,,,,,,
,,,,,,,,,,,,,,,
,,,,,,,,,,,,,,,
,,,,,,,,,,,,,,,
,,,,,,,,,,,,,,,
,,,,,,,,,,,,,,,
,,,,,,,,,,,,,,,
,,,,,,,,,,,,,,,
,,,,,,,,,,,,,,,
,,,,,,,,,,,,,,,
,,,,,,,,,,,,,,,
,,,,,,,,,,,,,,,
,,,,,,,,,,,,,,,
,,,,,,,,,,,,,,,
,,,,,,,,,,,,,,,
,,,,,,,,,,,,,,,
,,,,,,,,,,,,,,,
,,,,,,,,,,,,,,,
,,,,,,,,,,,,,,,
,,,,,,,,,,,,,,,
,,,,,,,,,,,,,,,
,,,,,,,,,,,,,,,
,,,,,,,,,,,,,,,
,,,,,,,,,,,,,,,
,,,,,,,,,,,,,,,
,,,,,,,,,,,,,,,
,,,,,,,,,,,,,,,
,,,,,,,,,,,,,,,
,,,,,,,,,,,,,,,
,,,,,,,,,,,,,,,
,,,,,,,,,,,,,,,
,,,,,,,,,,,,,,,
,,,,,,,,,,,,,,,
,,,,,,,,,,,,,,,
,,,,,,,,,,,,,,,
,,,,,,,,,,,,,,,
,,,,,,,,,,,,,,,
,,,,,,,,,,,,,,,
,,,,,,,,,,,,,,,
,,,,,,,,,,,,,,,
,,,,,,,,,,,,,,,
,,,,,,,,,,,,,,,
,,,,,,,,,,,,,,,
,,,,,,,,,,,,,,,
,,,,,,,,,,,,,,,
,,,,,,,,,,,,,,,
,,,,,,,,,,,,,,,
,,,,,,,,,,,,,,,
,,,,,,,,,,,,,,,
,,,,,,,,,,,,,,,
,,,,,,,,,,,,,,,
,,,,,,,,,,,,,,,
,,,,,,,,,,,,,,,
,,,,,,,,,,,,,,,
,,,,,,,,,,,,,,,
,,,,,,,,,,,,,,,
,,,,,,,,,,,,,,,
,,,,,,,,,,,,,,,
,,,,,,,,,,,,,,,
,,,,,,,,,,,,,,,
,,,,,,,,,,,,,,,
,,,,,,,,,,,,,,,
,,,,,,,,,,,,,,,
,,,,,,,,,,,,,,,
,,,,,,,,,,,,,,,
,,,,,,,,,,,,,,,
,,,,,,,,,,,,,,,
,,,,,,,,,,,,,,,
,,,,,,,,,,,,,,,
,,,,,,,,,,,,,,,
,,,,,,,,,,,,,,,
,,,,,,,,,,,,,,,
,,,,,,,,,,,,,,,
,,,,,,,,,,,,,,,
,,,,,,,,,,,,,,,
,,,,,,,,,,,,,,,
,,,,,,,,,,,,,,,
,,,,,,,,,,,,,,,
,,,,,,,,,,,,,,,
,,,,,,,,,,,,,,,
,,,,,,,,,,,,,,,
,,,,,,,,,,,,,,,
,,,,,,,,,,,,,,,
,,,,,,,,,,,,,,,
,,,,,,,,,,,,,,,
,,,,,,,,,,,,,,,
,,,,,,,,,,,,,,,
,,,,,,,,,,,,,,,
,,,,,,,,,,,,,,,
,,,,,,,,,,,,,,,
  ******OLD CENSUS DATA*******,,,,,,,,,,,,,,,
NORTH/EAST YANA (THRU 1985; THEN IT WILL BE EAST YANA),,,,,,,,,,,,,,,
    ACRES,,,,,,,,,,,,,,,
    YEARLING BUCKS,,,,,,,,,,,,,,,
    MIDDLE AGED BUCKS (INCL YRLG THRU '95),,,,,,,,,,,,,,,
    MATURE BUCKS,,,,,,,,,,,,,,,
      Average: <10 pts,,,,,,,,,,,,,,,
      Average: >=10 pts,,,,,,,,,,,,,,,
      Trophy (>150 B & C): < 10 pts.,,,,,,,,,,,,,,,
      Trophy (>150 B &C): >= 10 pts.,,,,,,,,,,,,,,,
    TOTAL BUCKS,,,,,,,,,,,,,,,
    DOES,,,,,,,,,,,,,,,
    FAWNS,,,,,,,,,,,,,,,
    TOTAL DEER,,,,,,,,,,,,,,,
    % FAWN CROP,,,,,,,,,,,,,,,
    DOE/BUCK RATIO,,,,,,,,,,,,,,,
    AC./ ADULT DEER,,,,,,,,,,,,,,,
    AC./ TOTAL DEER,,,,,,,,,,,,,,,
    TURKEYS,,,,,,,,,,,,,,,
    TROPHIES,,,,,,,,,,,,,,,
    QUAIL COVEYS,,,,,,,,,,,,,,,
    COYOTES,,,,,,,,,,,,,,,
    JAVELINA,,,,,,,,,,,,,,,
    HOGS,,,,,,,,,,,,,,,
SOUTH/WEST YANA ,,,,,,,,,,,,,,,
    ACRES,,,,,,,,,,,,,,,
    YEARLING BUCKS,,,,,,,,,,,,,,,
    MIDDLE AGED BUCKS (INCL YRLG THRU '95),,,,,,,,,,,,,,,
    MATURE BUCKS,,,,,,,,,,,,,,,
      Average: <10 pts,,,,,,,,,,,,,,,
      Average: >=10 pts,,,,,,,,,,,,,,,
      Trophy (>150 B & C): < 10 pts.,,,,,,,,,,,,,,,
      Trophy (>150 B &C): >= 10 pts.,,,,,,,,,,,,,,,
    TOTAL BUCKS,,,,,,,,,,,,,,,
    DOES,,,,,,,,,,,,,,,
    FAWNS,,,,,,,,,,,,,,,
    TOTAL DEER,,,,,,,,,,,,,,,
    % FAWN CROP,,,,,,,,,,,,,,,
    DOE/BUCK RATIO,,,,,,,,,,,,,,,
    AC./ ADULT DEER,,,,,,,,,,,,,,,
    AC./ TOTAL DEER,,,,,,,,,,,,,,,
    TURKEYS,,,,,,,,,,,,,,,
    TROPHIES,,,,,,,,,,,,,,,
    QUAIL COVEYS,,,,,,,,,,,,,,,
    COYOTES,,,,,,,,,,,,,,,
    JAVELINA,,,,,,,,,,,,,,,
    HOGS,,,,,,,,,,,,,,,
,,,,,,,,,,,,,,,
,,,,,,,,,,,,,,,
YANA PASTURE TOTALS,,,,,,,,,,,,,,,
    ACRES,,,,,,,,,,,,,,,
    YEARLING BUCKS,,,,,,,,,,,,,,,
    MIDDLE AGED BUCKS (INCL YRLG THRU '95),,,,,,,,,,,,,,,
    MATURE BUCKS,,,,,,,,,,,,,,,
      Average: <10 pts,,,,,,,,,,,,,,,
      Average: >=10 pts,,,,,,,,,,,,,,,
      Trophy (>150 B & C): < 10 pts.,,,,,,,,,,,,,,,
      Trophy (>150 B &C): >= 10 pts.,,,,,,,,,,,,,,,
    TOTAL BUCKS,,,,,,,,,,,,,,,
    DOES,,,,,,,,,,,,,,,
    FAWNS,,,,,,,,,,,,,,,
    TOTAL DEER,,,,,,,,,,,,,,,
    % FAWN CROP,,,,,,,,,,,,,,,
    DOE/BUCK RATIO,,,,,,,,,,,,,,,
    AC./ ADULT DEER,,,,,,,,,,,,,,,
    AC./ TOTAL DEER,,,,,,,,,,,,,,,
    TURKEYS,,,,,,,,,,,,,,,
    TROPHIES,,,,,,,,,,,,,,,
    QUAIL COVEYS,,,,,,,,,,,,,,,
    COYOTES,,,,,,,,,,,,,,,
    JAVELINA,,,,,,,,,,,,,,,
    HOGS,,,,,,,,,,,,,,,
,,,,,,,,,,,,,,,
SOUTH/ WEST BONITA TOTALS,,,,,,,,,,,,,,,
    ACRES,,,,,,,,,,,,,,,
    YEARLING BUCKS,,,,,,,,,,,,,,,
    MIDDLE AGED BUCKS (INCL YRLG THRU '95),,,,,,,,,,,,,,,
    MATURE BUCKS,,,,,,,,,,,,,,,
      Average: <10 pts,,,,,,,,,,,,,,,
      Average: >=10 pts,,,,,,,,,,,,,,,
      Trophy (>150 B & C): < 10 pts.,,,,,,,,,,,,,,,
      Trophy (>150 B &C): >= 10 pts.,,,,,,,,,,,,,,,
    TOTAL BUCKS,,,,,,,,,,,,,,,
    DOES,,,,,,,,,,,,,,,
    FAWNS,,,,,,,,,,,,,,,
    TOTAL DEER,,,,,,,,,,,,,,,
    % FAWN CROP,,,,,,,,,,,,,,,
    DOE/BUCK RATIO,,,,,,,,,,,,,,,
    AC./ ADULT DEER,,,,,,,,,,,,,,,
    AC./ TOTAL DEER,,,,,,,,,,,,,,,
    TURKEYS,,,,,,,,,,,,,,,
    TROPHIES,,,,,,,,,,,,,,,
    QUAIL COVEYS,,,,,,,,,,,,,,,
    COYOTES,,,,,,,,,,,,,,,
    JAVELINA,,,,,,,,,,,,,,,
    HOGS,,,,,,,,,,,,,,,
HEADQUARTERS TRAP: BRUSH,,,,,,,,,,,,,,,
    ACRES,,,,,,,,,,,,,,,
    YEARLING BUCKS,,,,,,,,,,,,,,,
    MIDDLE AGED BUCKS (INCL YRLG THRU '95),,,,,,,,,,,,,,,
    MATURE BUCKS,,,,,,,,,,,,,,,
      Average: <10 pts,,,,,,,,,,,,,,,
      Average: >=10 pts,,,,,,,,,,,,,,,
      Trophy (>150 B & C): < 10 pts.,,,,,,,,,,,,,,,
      Trophy (>150 B &C): >= 10 pts.,,,,,,,,,,,,,,,
    TOTAL BUCKS,,,,,,,,,,,,,,,
    DOES,,,,,,,,,,,,,,,
    FAWNS,,,,,,,,,,,,,,,
    TOTAL DEER,,,,,,,,,,,,,,,
    % FAWN CROP,,,,,,,,,,,,,,,
    DOE/BUCK RATIO,,,,,,,,,,,,,,,
    AC./ ADULT DEER,,,,,,,,,,,,,,,
    AC./ TOTAL DEER,,,,,,,,,,,,,,,
    TURKEYS,,,,,,,,,,,,,,,
    TROPHIES,,,,,,,,,,,,,,,
    QUAIL COVEYS,,,,,,,,,,,,,,,
    COYOTES,,,,,,,,,,,,,,,
    JAVELINA,,,,,,,,,,,,,,,
    HOGS,,,,,,,,,,,,,,,
HEADQUARTERS TRAP: ROOT PLOW,,,,,,,,,,,,,,,
    ACRES,,,,,,,,,,,,,,,
    YEARLING BUCKS,,,,,,,,,,,,,,,
    MIDDLE AGED BUCKS (INCL YRLG THRU '95),,,,,,,,,,,,,,,
    MATURE BUCKS,,,,,,,,,,,,,,,
      Average: <10 pts,,,,,,,,,,,,,,,
      Average: >=10 pts,,,,,,,,,,,,,,,
      Trophy (>150 B & C): < 10 pts.,,,,,,,,,,,,,,,
      Trophy (>150 B &C): >= 10 pts.,,,,,,,,,,,,,,,
    TOTAL BUCKS,,,,,,,,,,,,,,,
    DOES,,,,,,,,,,,,,,,
    FAWNS,,,,,,,,,,,,,,,
    TOTAL DEER,,,,,,,,,,,,,,,
    % FAWN CROP,,,,,,,,,,,,,,,
    DOE/BUCK RATIO,,,,,,,,,,,,,,,
    AC./ ADULT DEER,,,,,,,,,,,,,,,
    AC./ TOTAL DEER,,,,,,,,,,,,,,,
    TURKEYS,,,,,,,,,,,,,,,
    TROPHIES,,,,,,,,,,,,,,,
    QUAIL COVEYS,,,,,,,,,,,,,,,
    COYOTES,,,,,,,,,,,,,,,
    JAVELINA,,,,,,,,,,,,,,,
    HOGS,,,,,,,,,,,,,,,
