"category","year","value","pasture"
"TOTAL BUCKS",2007,80,"East Yana"
"TOTAL BUCKS",2008,55,"East Yana"
"TOTAL BUCKS",2009,72,"East Yana"
"TOTAL BUCKS",2010,49,"East Yana"
"TOTAL BUCKS",2011,84,"East Yana"
"TOTAL BUCKS",2012,69,"East Yana"
"TOTAL BUCKS",2013,75,"East Yana"
"TOTAL BUCKS",2014,89,"East Yana"
"TOTAL BUCKS",2015,109,"East Yana"
"TOTAL BUCKS",2016,53,"East Yana"
"TOTAL BUCKS",2017,34,"East Yana"
"TOTAL BUCKS",2018,41,"East Yana"
"TOTAL BUCKS",2019,34,"East Yana"
"TOTAL BUCKS",2020,40,"East Yana"
"TOTAL BUCKS",2021,37,"East Yana"
"DOES",2007,41,"East Yana"
"DOES",2008,38,"East Yana"
"DOES",2009,55,"East Yana"
"DOES",2010,53,"East Yana"
"DOES",2011,86,"East Yana"
"DOES",2012,69,"East Yana"
"DOES",2013,44,"East Yana"
"DOES",2014,79,"East Yana"
"DOES",2015,91,"East Yana"
"DOES",2016,45,"East Yana"
"DOES",2017,35,"East Yana"
"DOES",2018,29,"East Yana"
"DOES",2019,51,"East Yana"
"DOES",2020,44,"East Yana"
"DOES",2021,56,"East Yana"
"FAWNS",2007,35,"East Yana"
"FAWNS",2008,42,"East Yana"
"FAWNS",2009,38,"East Yana"
"FAWNS",2010,34,"East Yana"
"FAWNS",2011,30,"East Yana"
"FAWNS",2012,51,"East Yana"
"FAWNS",2013,46,"East Yana"
"FAWNS",2014,70,"East Yana"
"FAWNS",2015,68,"East Yana"
"FAWNS",2016,26,"East Yana"
"FAWNS",2017,13,"East Yana"
"FAWNS",2018,9,"East Yana"
"FAWNS",2019,33,"East Yana"
"FAWNS",2020,33,"East Yana"
"FAWNS",2021,31,"East Yana"
"TOTAL DEER",2007,156,"East Yana"
"TOTAL DEER",2008,135,"East Yana"
"TOTAL DEER",2009,165,"East Yana"
"TOTAL DEER",2010,136,"East Yana"
"TOTAL DEER",2011,200,"East Yana"
"TOTAL DEER",2012,189,"East Yana"
"TOTAL DEER",2013,165,"East Yana"
"TOTAL DEER",2014,238,"East Yana"
"TOTAL DEER",2015,268,"East Yana"
"TOTAL DEER",2016,124,"East Yana"
"TOTAL DEER",2017,82,"East Yana"
"TOTAL DEER",2018,79,"East Yana"
"TOTAL DEER",2019,118,"East Yana"
"TOTAL DEER",2020,117,"East Yana"
"TOTAL DEER",2021,124,"East Yana"
"Number of Feeders",2007,12,"East Yana"
"Number of Feeders",2008,12,"East Yana"
"Number of Feeders",2009,12,"East Yana"
"Number of Feeders",2010,12,"East Yana"
"Number of Feeders",2011,12,"East Yana"
"Number of Feeders",2012,12,"East Yana"
"Number of Feeders",2013,12,"East Yana"
"Number of Feeders",2014,12,"East Yana"
"Number of Feeders",2015,12,"East Yana"
"Number of Feeders",2016,12,"East Yana"
"Number of Feeders",2017,12,"East Yana"
"Number of Feeders",2018,12,"East Yana"
"Number of Feeders",2019,12,"East Yana"
"Number of Feeders",2020,12,"East Yana"
"Number of Feeders",2021,12,"East Yana"
"Doe Harvest",2007,0,"East Yana"
"Doe Harvest",2008,0,"East Yana"
"Doe Harvest",2009,-16,"East Yana"
"Doe Harvest",2010,0,"East Yana"
"Doe Harvest",2011,-15,"East Yana"
"Doe Harvest",2012,-10,"East Yana"
"Doe Harvest",2013,-16,"East Yana"
"Doe Harvest",2014,-46,"East Yana"
"Doe Harvest",2015,-98,"East Yana"
"Doe Harvest",2016,-4,"East Yana"
"Doe Harvest",2017,0,"East Yana"
"Doe Harvest",2018,-1,"East Yana"
"Doe Harvest",2019,0,"East Yana"
"Doe Harvest",2020,-16,"East Yana"
"Doe Harvest",2021,NA,"East Yana"
"Doe Fawn Harvest",2007,-9,"East Yana"
"Doe Fawn Harvest",2008,0,"East Yana"
"Doe Fawn Harvest",2009,0,"East Yana"
"Doe Fawn Harvest",2010,-5,"East Yana"
"Doe Fawn Harvest",2011,-23,"East Yana"
"Doe Fawn Harvest",2012,-21,"East Yana"
"Doe Fawn Harvest",2013,-7,"East Yana"
"Doe Fawn Harvest",2014,-43,"East Yana"
"Doe Fawn Harvest",2015,-60,"East Yana"
"Doe Fawn Harvest",2016,-14,"East Yana"
"Doe Fawn Harvest",2017,-16,"East Yana"
"Doe Fawn Harvest",2018,0,"East Yana"
"Doe Fawn Harvest",2019,-19,"East Yana"
"Doe Fawn Harvest",2020,-22,"East Yana"
"Doe Fawn Harvest",2021,NA,"East Yana"
"Buck Harvest: Adults",2007,-12,"East Yana"
"Buck Harvest: Adults",2008,-17,"East Yana"
"Buck Harvest: Adults",2009,-23,"East Yana"
"Buck Harvest: Adults",2010,-18,"East Yana"
"Buck Harvest: Adults",2011,-23,"East Yana"
"Buck Harvest: Adults",2012,-4,"East Yana"
"Buck Harvest: Adults",2013,-10,"East Yana"
"Buck Harvest: Adults",2014,-29,"East Yana"
"Buck Harvest: Adults",2015,-169,"East Yana"
"Buck Harvest: Adults",2016,-12,"East Yana"
"Buck Harvest: Adults",2017,-4,"East Yana"
"Buck Harvest: Adults",2018,-4,"East Yana"
"Buck Harvest: Adults",2019,-4,"East Yana"
"Buck Harvest: Adults",2020,-13,"East Yana"
"Buck Harvest: Adults",2021,NA,"East Yana"
"Buck Harvest: Fawns",2007,0,"East Yana"
"Buck Harvest: Fawns",2008,0,"East Yana"
"Buck Harvest: Fawns",2009,0,"East Yana"
"Buck Harvest: Fawns",2010,0,"East Yana"
"Buck Harvest: Fawns",2011,0,"East Yana"
"Buck Harvest: Fawns",2012,0,"East Yana"
"Buck Harvest: Fawns",2013,0,"East Yana"
"Buck Harvest: Fawns",2014,0,"East Yana"
"Buck Harvest: Fawns",2015,-47,"East Yana"
"Buck Harvest: Fawns",2016,0,"East Yana"
"Buck Harvest: Fawns",2017,0,"East Yana"
"Buck Harvest: Fawns",2018,0,"East Yana"
"Buck Harvest: Fawns",2019,0,"East Yana"
"Buck Harvest: Fawns",2020,-1,"East Yana"
"Buck Harvest: Fawns",2021,NA,"East Yana"
"Total Harvest",2007,-21,"East Yana"
"Total Harvest",2008,-17,"East Yana"
"Total Harvest",2009,-39,"East Yana"
"Total Harvest",2010,-23,"East Yana"
"Total Harvest",2011,-61,"East Yana"
"Total Harvest",2012,-35,"East Yana"
"Total Harvest",2013,-33,"East Yana"
"Total Harvest",2014,-118,"East Yana"
"Total Harvest",2015,-374,"East Yana"
"Total Harvest",2016,-30,"East Yana"
"Total Harvest",2017,-20,"East Yana"
"Total Harvest",2018,-5,"East Yana"
"Total Harvest",2019,-23,"East Yana"
"Total Harvest",2020,-52,"East Yana"
"Total Harvest",2021,NA,"East Yana"
"TOTAL BUCKS",2007,12,"West Yana"
"TOTAL BUCKS",2008,19,"West Yana"
"TOTAL BUCKS",2009,25,"West Yana"
"TOTAL BUCKS",2010,38,"West Yana"
"TOTAL BUCKS",2011,54,"West Yana"
"TOTAL BUCKS",2012,60,"West Yana"
"TOTAL BUCKS",2013,102,"West Yana"
"TOTAL BUCKS",2014,122,"West Yana"
"TOTAL BUCKS",2015,112,"West Yana"
"TOTAL BUCKS",2016,52,"West Yana"
"TOTAL BUCKS",2017,49,"West Yana"
"TOTAL BUCKS",2018,52,"West Yana"
"TOTAL BUCKS",2019,58,"West Yana"
"TOTAL BUCKS",2020,84,"West Yana"
"TOTAL BUCKS",2021,74,"West Yana"
"DOES",2007,32,"West Yana"
"DOES",2008,29,"West Yana"
"DOES",2009,43,"West Yana"
"DOES",2010,22,"West Yana"
"DOES",2011,73,"West Yana"
"DOES",2012,67,"West Yana"
"DOES",2013,60,"West Yana"
"DOES",2014,65,"West Yana"
"DOES",2015,101,"West Yana"
"DOES",2016,60,"West Yana"
"DOES",2017,43,"West Yana"
"DOES",2018,35,"West Yana"
"DOES",2019,47,"West Yana"
"DOES",2020,96,"West Yana"
"DOES",2021,40,"West Yana"
"FAWNS",2007,33,"West Yana"
"FAWNS",2008,11,"West Yana"
"FAWNS",2009,23,"West Yana"
"FAWNS",2010,22,"West Yana"
"FAWNS",2011,46,"West Yana"
"FAWNS",2012,53,"West Yana"
"FAWNS",2013,46,"West Yana"
"FAWNS",2014,54,"West Yana"
"FAWNS",2015,74,"West Yana"
"FAWNS",2016,31,"West Yana"
"FAWNS",2017,26,"West Yana"
"FAWNS",2018,21,"West Yana"
"FAWNS",2019,30,"West Yana"
"FAWNS",2020,26,"West Yana"
"FAWNS",2021,33,"West Yana"
"TOTAL DEER",2007,77,"West Yana"
"TOTAL DEER",2008,59,"West Yana"
"TOTAL DEER",2009,91,"West Yana"
"TOTAL DEER",2010,82,"West Yana"
"TOTAL DEER",2011,173,"West Yana"
"TOTAL DEER",2012,180,"West Yana"
"TOTAL DEER",2013,208,"West Yana"
"TOTAL DEER",2014,241,"West Yana"
"TOTAL DEER",2015,287,"West Yana"
"TOTAL DEER",2016,143,"West Yana"
"TOTAL DEER",2017,118,"West Yana"
"TOTAL DEER",2018,108,"West Yana"
"TOTAL DEER",2019,135,"West Yana"
"TOTAL DEER",2020,206,"West Yana"
"TOTAL DEER",2021,147,"West Yana"
"Number of Feeders",2007,12,"West Yana"
"Number of Feeders",2008,12,"West Yana"
"Number of Feeders",2009,12,"West Yana"
"Number of Feeders",2010,12,"West Yana"
"Number of Feeders",2011,12,"West Yana"
"Number of Feeders",2012,12,"West Yana"
"Number of Feeders",2013,12,"West Yana"
"Number of Feeders",2014,12,"West Yana"
"Number of Feeders",2015,12,"West Yana"
"Number of Feeders",2016,12,"West Yana"
"Number of Feeders",2017,12,"West Yana"
"Number of Feeders",2018,12,"West Yana"
"Number of Feeders",2019,12,"West Yana"
"Number of Feeders",2020,12,"West Yana"
"Number of Feeders",2021,12,"West Yana"
"Doe Harvest",2007,-31,"West Yana"
"Doe Harvest",2008,0,"West Yana"
"Doe Harvest",2009,0,"West Yana"
"Doe Harvest",2010,0,"West Yana"
"Doe Harvest",2011,-15,"West Yana"
"Doe Harvest",2012,-10,"West Yana"
"Doe Harvest",2013,-16,"West Yana"
"Doe Harvest",2014,-46,"West Yana"
"Doe Harvest",2015,-117,"West Yana"
"Doe Harvest",2016,-10,"West Yana"
"Doe Harvest",2017,-6,"West Yana"
"Doe Harvest",2018,0,"West Yana"
"Doe Harvest",2019,-1,"West Yana"
"Doe Harvest",2020,-34,"West Yana"
"Doe Harvest",2021,NA,"West Yana"
"Doe Fawn Harvest",2007,-13,"West Yana"
"Doe Fawn Harvest",2008,0,"West Yana"
"Doe Fawn Harvest",2009,0,"West Yana"
"Doe Fawn Harvest",2010,0,"West Yana"
"Doe Fawn Harvest",2011,-8,"West Yana"
"Doe Fawn Harvest",2012,-20,"West Yana"
"Doe Fawn Harvest",2013,0,"West Yana"
"Doe Fawn Harvest",2014,-24,"West Yana"
"Doe Fawn Harvest",2015,-19,"West Yana"
"Doe Fawn Harvest",2016,-25,"West Yana"
"Doe Fawn Harvest",2017,-8,"West Yana"
"Doe Fawn Harvest",2018,0,"West Yana"
"Doe Fawn Harvest",2019,-1,"West Yana"
"Doe Fawn Harvest",2020,-7,"West Yana"
"Doe Fawn Harvest",2021,NA,"West Yana"
"Buck Harvest: Adults",2007,-28,"West Yana"
"Buck Harvest: Adults",2008,-2,"West Yana"
"Buck Harvest: Adults",2009,0,"West Yana"
"Buck Harvest: Adults",2010,-1,"West Yana"
"Buck Harvest: Adults",2011,-1,"West Yana"
"Buck Harvest: Adults",2012,-1,"West Yana"
"Buck Harvest: Adults",2013,-3,"West Yana"
"Buck Harvest: Adults",2014,-27,"West Yana"
"Buck Harvest: Adults",2015,-68,"West Yana"
"Buck Harvest: Adults",2016,-3,"West Yana"
"Buck Harvest: Adults",2017,-4,"West Yana"
"Buck Harvest: Adults",2018,0,"West Yana"
"Buck Harvest: Adults",2019,-4,"West Yana"
"Buck Harvest: Adults",2020,-12,"West Yana"
"Buck Harvest: Adults",2021,NA,"West Yana"
"Buck Harvest: Fawns",2007,-10,"West Yana"
"Buck Harvest: Fawns",2008,0,"West Yana"
"Buck Harvest: Fawns",2009,0,"West Yana"
"Buck Harvest: Fawns",2010,0,"West Yana"
"Buck Harvest: Fawns",2011,-1,"West Yana"
"Buck Harvest: Fawns",2012,0,"West Yana"
"Buck Harvest: Fawns",2013,0,"West Yana"
"Buck Harvest: Fawns",2014,-1,"West Yana"
"Buck Harvest: Fawns",2015,-32,"West Yana"
"Buck Harvest: Fawns",2016,-6,"West Yana"
"Buck Harvest: Fawns",2017,0,"West Yana"
"Buck Harvest: Fawns",2018,0,"West Yana"
"Buck Harvest: Fawns",2019,0,"West Yana"
"Buck Harvest: Fawns",2020,-1,"West Yana"
"Buck Harvest: Fawns",2021,NA,"West Yana"
"Total Harvest",2007,-82,"West Yana"
"Total Harvest",2008,-2,"West Yana"
"Total Harvest",2009,0,"West Yana"
"Total Harvest",2010,-1,"West Yana"
"Total Harvest",2011,-25,"West Yana"
"Total Harvest",2012,-31,"West Yana"
"Total Harvest",2013,-19,"West Yana"
"Total Harvest",2014,-98,"West Yana"
"Total Harvest",2015,-236,"West Yana"
"Total Harvest",2016,-44,"West Yana"
"Total Harvest",2017,-18,"West Yana"
"Total Harvest",2018,0,"West Yana"
"Total Harvest",2019,-6,"West Yana"
"Total Harvest",2020,-54,"West Yana"
"Total Harvest",2021,NA,"West Yana"
"TOTAL BUCKS",2022,37,"East Yana"
"DOES",2022,35,"East Yana"
"FAWNS",2022,18,"East Yana"
"TOTAL DEER",2022,90,"East Yana"
"TOTAL BUCKS",2022,52,"West Yana"
"DOES",2022,22,"West Yana"
"FAWNS",2022,6,"West Yana"
"TOTAL DEER",2022,80,"West Yana"
