"zero_indices","animal_id","birth_year","bs","2007","2008","2009","2010","2011","2012","2013","2014","2015","2016","2017","2018","2019","2020","2021","2022"
FALSE,"270-2007-1-001",2007,"dmp",1,1,1,1,1,1,1,1,0,1,0,0,0,0,0,0
FALSE,"270-2007-1-003",2007,"dmp",1,0,0,0,0,0,0,0,0,0,0,0,0,0,0,0
FALSE,"270-2007-1-006",2007,"dmp",1,1,1,1,1,1,1,1,1,1,1,0,0,0,0,0
FALSE,"270-2007-1-007",2007,"dmp",1,1,1,1,1,1,0,1,1,0,0,0,0,0,0,0
FALSE,"270-2007-1-009",2007,"dmp",1,0,0,0,0,0,0,0,0,0,0,0,0,0,0,0
FALSE,"270-2007-1-010",2007,"dmp",1,0,0,0,0,0,0,0,0,0,0,0,0,0,0,0
FALSE,"270-2007-1-011",2007,"dmp",1,0,1,1,1,1,1,1,0,0,0,0,0,0,0,0
FALSE,"270-2007-1-012",2007,"dmp",1,1,1,1,1,1,0,1,1,1,1,0,1,0,0,0
FALSE,"270-2007-1-013",2007,"dmp",1,0,0,0,0,0,0,0,0,0,0,0,0,0,0,0
FALSE,"270-2007-1-051",2007,"dmp",1,1,1,1,1,1,1,1,1,1,1,0,0,0,0,0
FALSE,"270-2007-1-053",2007,"dmp",1,1,1,0,0,0,0,0,0,0,0,0,0,0,0,0
FALSE,"270-2007-1-056",2007,"dmp",1,1,1,1,1,1,1,1,1,1,0,0,0,0,0,0
FALSE,"270-2007-1-057",2007,"dmp",1,1,1,1,1,1,1,1,1,1,1,1,0,0,0,0
FALSE,"270-2007-1-058",2007,"dmp",1,1,0,0,0,0,0,0,0,0,0,0,0,0,0,0
FALSE,"270-2007-1-061",2007,"dmp",1,1,0,0,0,0,0,0,0,0,0,0,0,0,0,0
FALSE,"270-2007-1-062",2007,"dmp",1,0,0,0,0,0,0,0,0,0,0,0,0,0,0,0
FALSE,"270-2007-1-065",2007,"dmp",1,1,1,1,1,1,2,0,0,0,0,0,0,0,0,0
FALSE,"270-2007-1-066",2007,"dmp",1,1,1,1,1,1,1,1,1,0,0,0,0,0,0,0
FALSE,"270-2008-1-003",2008,"dmp",0,1,0,0,0,0,0,0,0,0,0,0,0,0,0,0
FALSE,"270-2008-1-006",2008,"dmp",0,1,1,0,0,0,0,0,0,0,0,0,0,0,0,0
FALSE,"270-2008-1-008",2008,"dmp",0,1,1,1,1,1,1,2,0,0,0,0,0,0,0,0
FALSE,"270-2008-1-011",2008,"dmp",0,1,1,1,1,1,1,1,1,0,0,0,0,0,0,0
FALSE,"270-2008-1-012",2008,"dmp",0,1,1,1,1,1,1,1,1,1,0,0,0,0,0,0
FALSE,"270-2008-1-013",2008,"dmp",0,1,1,1,1,1,1,1,1,1,1,0,0,0,0,0
FALSE,"270-2008-1-014",2008,"dmp",0,1,1,1,1,1,1,1,1,1,0,0,0,0,0,0
FALSE,"270-2008-1-016",2008,"dmp",0,1,0,0,0,0,0,0,0,0,0,0,0,0,0,0
FALSE,"270-2008-1-017",2008,"dmp",0,1,1,1,1,1,1,1,1,1,1,1,1,0,0,0
FALSE,"270-2008-1-018",2008,"dmp",0,1,1,1,0,1,1,0,1,1,1,1,0,0,0,0
FALSE,"270-2008-1-019",2008,"dmp",0,1,1,1,1,1,1,2,0,0,0,0,0,0,0,0
FALSE,"270-2008-1-020",2008,"dmp",0,1,0,0,0,0,0,0,0,0,0,0,0,0,0,0
FALSE,"270-2008-1-022",2008,"dmp",0,1,1,1,1,1,1,1,1,1,0,0,0,0,0,0
FALSE,"270-2008-1-025",2008,"dmp",0,1,0,0,0,0,0,0,0,0,0,0,0,0,0,0
FALSE,"270-2008-1-027",2008,"dmp",0,1,0,0,0,0,0,0,0,0,0,0,0,0,0,0
FALSE,"270-2008-1-028",2008,"dmp",0,1,1,1,1,1,1,1,0,0,0,0,0,0,0,0
FALSE,"270-2009-1-002",2009,"dmp",0,0,1,1,1,1,1,1,1,1,1,1,0,0,0,0
FALSE,"270-2009-1-005",2009,"dmp",0,0,1,0,0,0,0,0,0,0,0,0,0,0,0,0
FALSE,"270-2009-1-008",2009,"dmp",0,0,1,0,0,0,0,0,0,0,0,0,0,0,0,0
FALSE,"270-2009-1-009",2009,"dmp",0,0,1,1,1,1,1,1,1,1,1,1,1,1,0,0
FALSE,"270-2009-1-010",2009,"dmp",0,0,1,1,1,1,1,2,0,0,0,0,0,0,0,0
FALSE,"270-2009-1-011",2009,"dmp",0,0,1,1,1,1,1,1,2,0,0,0,0,0,0,0
FALSE,"270-2009-1-012",2009,"dmp",0,0,1,1,1,1,1,1,1,1,1,0,0,0,0,0
FALSE,"270-2009-1-013",2009,"dmp",0,0,1,1,0,0,0,0,0,0,0,0,0,0,0,0
FALSE,"270-2009-1-020",2009,"dmp",0,0,1,1,1,1,1,1,1,0,0,0,0,0,0,0
FALSE,"270-2009-1-021",2009,"dmp",0,0,1,1,1,1,1,1,1,1,0,0,0,0,0,0
FALSE,"270-2009-1-022",2009,"dmp",0,0,1,0,0,0,0,0,0,0,0,0,0,0,0,0
FALSE,"270-2009-1-023",2009,"dmp",0,0,1,1,1,1,1,1,1,1,1,0,0,0,0,0
FALSE,"270-2009-1-024",2009,"dmp",0,0,1,1,1,1,1,1,1,1,1,1,1,1,0,0
FALSE,"270-2009-1-029",2009,"dmp",0,0,1,0,0,0,0,0,0,0,0,0,0,0,0,0
FALSE,"270-2009-1-032",2009,"dmp",0,0,1,0,0,0,0,0,0,0,0,0,0,0,0,0
FALSE,"270-2009-1-033",2009,"dmp",0,0,1,1,1,0,1,0,0,0,0,0,0,0,0,0
FALSE,"270-2009-1-038",2009,"dmp",0,0,1,1,1,1,1,0,0,0,0,0,0,0,0,0
FALSE,"270-2010-1-001",2010,"dmp",0,0,0,1,1,1,1,1,1,1,1,1,1,1,0,0
FALSE,"270-2010-1-003",2010,"dmp",0,0,0,1,1,1,1,1,1,1,1,0,0,0,0,0
FALSE,"270-2010-1-004",2010,"dmp",0,0,0,1,1,1,0,0,0,0,0,0,0,0,0,0
FALSE,"270-2010-1-005",2010,"dmp",0,0,0,1,1,1,1,1,1,1,1,1,1,1,0,0
FALSE,"270-2010-1-006",2010,"dmp",0,0,0,1,1,1,1,1,1,1,1,1,1,0,0,0
FALSE,"270-2010-1-007",2010,"dmp",0,0,0,1,0,1,1,1,1,1,1,1,1,1,1,0
FALSE,"270-2010-1-009",2010,"dmp",0,0,0,1,1,1,1,0,1,1,1,1,1,1,1,0
FALSE,"270-2010-1-010",2010,"dmp",0,0,0,1,1,1,1,1,1,1,1,1,1,1,0,0
FALSE,"270-2010-1-013",2010,"dmp",0,0,0,1,1,0,0,0,0,1,1,1,2,0,0,0
FALSE,"270-2010-1-014",2010,"dmp",0,0,0,1,1,1,0,0,0,0,0,0,0,0,0,0
FALSE,"270-2010-1-015",2010,"dmp",0,0,0,1,0,0,0,0,0,0,0,0,0,0,0,0
FALSE,"270-2010-1-019",2010,"dmp",0,0,0,1,1,1,1,1,1,1,1,1,1,1,1,1
FALSE,"270-2010-1-020",2010,"dmp",0,0,0,1,0,0,0,0,0,0,0,0,0,0,0,0
FALSE,"270-2010-1-021",2010,"dmp",0,0,0,1,1,1,1,1,1,1,1,1,1,1,1,0
FALSE,"270-2010-1-023",2010,"dmp",0,0,0,1,1,0,0,0,0,1,1,1,1,1,0,0
FALSE,"270-2010-1-025",2010,"dmp",0,0,0,1,1,0,0,0,0,1,1,1,1,0,0,0
FALSE,"270-2010-1-027",2010,"dmp",0,0,0,1,1,1,1,1,1,1,1,1,0,0,0,0
FALSE,"270-2010-1-028",2010,"dmp",0,0,0,1,1,1,1,1,1,1,1,1,1,1,0,0
FALSE,"270-2010-1-035",2010,"dmp",0,0,0,1,0,0,0,0,0,0,0,0,0,0,0,0
FALSE,"270-2010-1-038",2010,"dmp",0,0,0,1,1,1,1,1,1,0,1,1,1,1,1,1
FALSE,"270-2010-1-039",2010,"dmp",0,0,0,1,1,1,1,1,1,1,1,0,0,0,0,0
FALSE,"270-2010-1-084",2010,"dmp",0,0,0,1,0,0,0,0,0,0,0,0,0,0,0,0
FALSE,"270-2010-1-086",2010,"dmp",0,0,0,1,1,1,1,0,1,1,1,1,0,1,0,0
FALSE,"270-2010-1-087",2010,"dmp",0,0,0,1,1,0,0,0,0,1,1,1,1,1,0,0
FALSE,"270-2010-1-088",2010,"dmp",0,0,0,1,0,0,0,0,0,0,0,0,0,0,0,0
FALSE,"270-2010-1-089",2010,"dmp",0,0,0,1,0,0,0,0,0,0,0,0,0,0,0,0
FALSE,"270-2011-0-335",2011,"wy",0,0,0,0,1,1,1,1,1,1,1,1,1,1,1,1
FALSE,"270-2011-0-336",2011,"wy",0,0,0,0,1,1,1,1,1,1,1,1,1,1,1,2
FALSE,"270-2011-0-337",2011,"wy",0,0,0,0,1,1,1,1,1,1,1,1,1,1,1,0
FALSE,"270-2011-0-338",2011,"wy",0,0,0,0,1,1,1,1,1,1,1,1,1,0,0,0
FALSE,"270-2011-0-339",2011,"wy",0,0,0,0,1,1,1,1,1,1,1,1,0,0,0,0
FALSE,"270-2011-0-340",2011,"wy",0,0,0,0,1,1,1,1,1,1,1,1,0,0,0,0
FALSE,"270-2011-0-341",2011,"wy",0,0,0,0,1,1,1,1,0,1,1,1,0,1,0,2
FALSE,"270-2011-0-342",2011,"wy",0,0,0,0,1,1,1,0,0,0,0,0,0,0,0,0
FALSE,"270-2011-0-343",2011,"wy",0,0,0,0,1,1,1,1,1,1,1,1,0,0,0,0
FALSE,"270-2011-0-344",2011,"wy",0,0,0,0,1,1,0,0,0,0,0,0,0,0,0,0
FALSE,"270-2011-0-345",2011,"wy",0,0,0,0,1,1,1,1,1,1,1,0,0,0,0,0
FALSE,"270-2011-1-202",2011,"dmp",0,0,0,0,1,0,0,0,0,0,0,0,0,0,0,0
FALSE,"270-2011-1-206",2011,"dmp",0,0,0,0,1,0,0,0,0,0,0,0,0,0,0,0
FALSE,"270-2011-1-209",2011,"dmp",0,0,0,0,1,0,1,1,1,0,0,0,0,0,0,0
FALSE,"270-2011-1-213",2011,"dmp",0,0,0,0,1,1,1,1,1,1,1,1,1,1,1,2
FALSE,"270-2011-1-215",2011,"dmp",0,0,0,0,1,1,1,1,1,1,1,1,1,1,1,1
FALSE,"270-2011-1-224",2011,"dmp",0,0,0,0,1,0,0,0,0,0,0,0,0,0,0,0
FALSE,"270-2011-1-225",2011,"dmp",0,0,0,0,1,1,1,1,0,1,1,1,1,1,1,0
FALSE,"270-2011-1-242",2011,"dmp",0,0,0,0,1,1,1,1,1,1,0,1,1,0,1,2
FALSE,"270-2011-1-243",2011,"dmp",0,0,0,0,1,0,0,0,0,0,0,0,0,0,0,0
FALSE,"270-2011-1-244",2011,"dmp",0,0,0,0,1,1,1,1,0,0,0,0,0,0,0,0
FALSE,"270-2011-1-246",2011,"dmp",0,0,0,0,1,1,1,1,0,1,1,1,1,1,1,1
FALSE,"270-2011-1-247",2011,"dmp",0,0,0,0,1,1,1,2,0,0,0,0,0,0,0,0
FALSE,"270-2011-1-248",2011,"dmp",0,0,0,0,1,1,1,0,1,1,1,1,1,1,1,0
FALSE,"270-2011-1-249",2011,"dmp",0,0,0,0,1,0,1,1,0,0,0,0,0,0,0,0
FALSE,"270-2011-1-250",2011,"dmp",0,0,0,0,1,1,1,1,1,1,0,0,0,0,0,0
FALSE,"270-2011-1-260",2011,"dmp",0,0,0,0,1,1,1,1,1,1,1,1,1,1,1,1
FALSE,"270-2011-1-261",2011,"dmp",0,0,0,0,1,1,1,1,1,1,1,1,1,1,0,0
FALSE,"270-2011-1-266",2011,"dmp",0,0,0,0,1,0,0,0,0,0,0,0,0,0,0,0
FALSE,"270-2011-1-268",2011,"dmp",0,0,0,0,1,1,1,1,1,1,1,0,0,0,0,0
FALSE,"270-2011-1-269",2011,"dmp",0,0,0,0,1,1,1,1,1,1,1,1,1,1,1,0
FALSE,"270-2011-1-295",2011,"dmp",0,0,0,0,1,1,1,1,1,1,1,1,0,1,0,0
FALSE,"270-2011-1-300",2011,"dmp",0,0,0,0,1,0,0,0,0,0,0,0,0,0,0,0
FALSE,"270-2011-1-318",2011,"dmp",0,0,0,0,1,0,0,0,0,0,0,0,0,0,0,0
FALSE,"270-2011-1-321",2011,"dmp",0,0,0,0,1,1,1,0,0,0,0,0,0,0,0,0
FALSE,"270-2011-1-322",2011,"dmp",0,0,0,0,1,1,1,1,1,1,1,1,0,0,0,0
FALSE,"270-2011-1-333",2011,"dmp",0,0,0,0,1,1,1,1,1,1,1,1,1,1,1,1
FALSE,"270-2012-0-152",2012,"wy",0,0,0,0,0,1,0,0,0,0,0,0,0,0,0,0
FALSE,"270-2012-0-153",2012,"wy",0,0,0,0,0,1,1,1,1,1,1,1,1,1,1,0
FALSE,"270-2012-0-330",2012,"wy",0,0,0,0,0,1,1,1,1,1,1,1,1,1,0,1
FALSE,"270-2012-0-331",2012,"wy",0,0,0,0,0,1,1,1,1,1,0,0,0,0,0,0
FALSE,"270-2012-0-332",2012,"wy",0,0,0,0,0,1,1,1,0,0,0,0,0,0,0,0
FALSE,"270-2012-0-333",2012,"wy",0,0,0,0,0,1,1,1,1,1,1,1,1,0,0,0
FALSE,"270-2012-0-334",2012,"wy",0,0,0,0,0,1,1,1,1,1,1,1,1,0,0,0
FALSE,"270-2012-0-335",2012,"wy",0,0,0,0,0,1,1,1,1,0,0,0,0,0,0,0
FALSE,"270-2012-0-336",2012,"wy",0,0,0,0,0,1,0,0,0,0,0,0,0,0,0,0
FALSE,"270-2012-0-337",2012,"wy",0,0,0,0,0,1,1,1,1,1,1,1,1,1,1,2
FALSE,"270-2012-0-338",2012,"wy",0,0,0,0,0,1,1,1,1,0,0,0,0,0,0,0
FALSE,"270-2012-0-339",2012,"wy",0,0,0,0,0,1,1,1,0,0,0,0,0,0,0,0
FALSE,"270-2012-0-340",2012,"wy",0,0,0,0,0,1,1,1,1,1,1,1,1,1,1,1
FALSE,"270-2012-0-341",2012,"wy",0,0,0,0,0,1,1,1,1,1,1,1,1,1,1,1
FALSE,"270-2012-0-342",2012,"wy",0,0,0,0,0,1,1,1,1,1,1,1,1,1,1,2
FALSE,"270-2012-0-343",2012,"wy",0,0,0,0,0,1,1,1,1,1,1,0,0,0,0,0
FALSE,"270-2012-0-344",2012,"wy",0,0,0,0,0,1,1,1,1,1,1,1,1,1,1,2
FALSE,"270-2012-0-345",2012,"wy",0,0,0,0,0,1,1,1,0,0,0,0,0,0,0,0
FALSE,"270-2012-1-207",2012,"dmp",0,0,0,0,0,1,1,1,1,1,1,1,0,0,0,0
FALSE,"270-2012-1-208",2012,"dmp",0,0,0,0,0,1,0,0,0,0,0,0,0,0,0,0
FALSE,"270-2012-1-224",2012,"dmp",0,0,0,0,0,1,1,1,2,0,0,0,0,0,0,0
FALSE,"270-2012-1-228",2012,"dmp",0,0,0,0,0,1,0,0,0,0,0,0,0,0,0,0
FALSE,"270-2012-1-229",2012,"dmp",0,0,0,0,0,1,1,1,1,1,1,1,1,0,1,2
FALSE,"270-2012-1-230",2012,"dmp",0,0,0,0,0,1,1,0,1,1,1,1,1,1,1,0
FALSE,"270-2012-1-231",2012,"dmp",0,0,0,0,0,1,1,1,1,0,0,0,0,0,0,0
FALSE,"270-2012-1-232",2012,"dmp",0,0,0,0,0,1,0,0,0,0,0,0,0,0,0,0
FALSE,"270-2012-1-233",2012,"dmp",0,0,0,0,0,1,1,1,1,1,1,1,1,1,0,0
FALSE,"270-2012-1-236",2012,"dmp",0,0,0,0,0,1,1,0,1,1,1,1,0,0,0,0
FALSE,"270-2012-1-237",2012,"dmp",0,0,0,0,0,1,1,0,1,1,1,1,1,1,0,0
FALSE,"270-2012-1-238",2012,"dmp",0,0,0,0,0,1,0,0,0,0,0,0,0,0,0,0
FALSE,"270-2012-1-248",2012,"dmp",0,0,0,0,0,1,1,1,1,1,1,1,1,1,1,0
FALSE,"270-2012-1-250",2012,"dmp",0,0,0,0,0,1,0,0,0,0,0,0,0,0,0,0
FALSE,"270-2012-1-260",2012,"dmp",0,0,0,0,0,1,1,1,1,1,0,0,0,0,0,0
FALSE,"270-2012-1-262",2012,"dmp",0,0,0,0,0,1,1,1,1,1,1,1,1,1,1,1
FALSE,"270-2012-1-263",2012,"dmp",0,0,0,0,0,1,1,1,1,0,1,1,1,1,1,2
FALSE,"270-2012-1-265",2012,"dmp",0,0,0,0,0,1,1,1,1,1,1,0,0,0,0,0
FALSE,"270-2012-1-266",2012,"dmp",0,0,0,0,0,1,0,1,1,1,1,1,1,1,1,1
FALSE,"270-2012-1-274",2012,"dmp",0,0,0,0,0,1,0,0,0,0,0,0,0,0,0,0
FALSE,"270-2012-1-277",2012,"dmp",0,0,0,0,0,1,1,1,1,1,1,1,0,0,0,0
FALSE,"270-2012-1-278",2012,"dmp",0,0,0,0,0,1,1,1,1,1,1,1,1,1,0,0
FALSE,"270-2012-1-284",2012,"dmp",0,0,0,0,0,1,0,0,0,0,0,0,0,0,0,0
FALSE,"270-2012-1-305",2012,"dmp",0,0,0,0,0,1,0,0,0,0,0,0,0,0,0,0
FALSE,"270-2012-1-314",2012,"dmp",0,0,0,0,0,1,1,1,1,1,0,0,0,0,0,0
FALSE,"270-2013-0-258",2013,"wy",0,0,0,0,0,0,1,1,1,1,1,0,0,0,0,0
FALSE,"270-2013-0-259",2013,"wy",0,0,0,0,0,0,1,0,0,0,0,0,0,0,0,0
FALSE,"270-2013-0-260",2013,"wy",0,0,0,0,0,0,1,1,1,1,1,1,1,1,1,1
FALSE,"270-2013-0-261",2013,"wy",0,0,0,0,0,0,1,1,1,0,0,0,0,0,0,0
FALSE,"270-2013-0-262",2013,"wy",0,0,0,0,0,0,1,1,1,1,1,1,1,1,0,0
FALSE,"270-2013-0-263",2013,"wy",0,0,0,0,0,0,1,1,1,1,1,1,1,1,0,0
FALSE,"270-2013-0-264",2013,"wy",0,0,0,0,0,0,1,1,1,1,1,1,1,1,0,0
FALSE,"270-2013-0-265",2013,"wy",0,0,0,0,0,0,1,1,1,1,0,0,0,0,0,0
FALSE,"270-2013-0-266",2013,"wy",0,0,0,0,0,0,1,1,1,1,1,1,1,0,0,0
FALSE,"270-2013-0-267",2013,"wy",0,0,0,0,0,0,1,1,1,1,1,1,1,1,1,1
FALSE,"270-2013-0-268",2013,"wy",0,0,0,0,0,0,1,1,1,1,1,0,0,0,0,0
FALSE,"270-2013-0-269",2013,"wy",0,0,0,0,0,0,1,1,1,1,1,1,1,1,0,0
FALSE,"270-2013-0-270",2013,"wy",0,0,0,0,0,0,1,2,0,0,0,0,0,0,0,0
FALSE,"270-2013-0-271",2013,"wy",0,0,0,0,0,0,1,1,1,1,1,1,1,1,0,1
FALSE,"270-2013-0-272",2013,"wy",0,0,0,0,0,0,1,1,1,1,1,0,0,0,0,0
FALSE,"270-2013-1-202",2013,"dmp",0,0,0,0,0,0,1,1,1,1,1,1,1,1,0,0
FALSE,"270-2013-1-204",2013,"dmp",0,0,0,0,0,0,1,1,1,1,1,1,1,1,0,0
FALSE,"270-2013-1-205",2013,"dmp",0,0,0,0,0,0,1,1,1,0,0,0,0,0,0,0
FALSE,"270-2013-1-210",2013,"dmp",0,0,0,0,0,0,1,1,1,1,1,1,1,0,1,1
FALSE,"270-2013-1-212",2013,"dmp",0,0,0,0,0,0,1,1,1,1,0,0,0,0,0,0
FALSE,"270-2013-1-216",2013,"dmp",0,0,0,0,0,0,1,1,1,1,1,1,1,1,1,0
FALSE,"270-2013-1-217",2013,"dmp",0,0,0,0,0,0,1,0,0,0,0,0,0,0,0,0
FALSE,"270-2013-1-225",2013,"dmp",0,0,0,0,0,0,1,0,0,0,0,0,0,0,0,0
FALSE,"270-2013-1-227",2013,"dmp",0,0,0,0,0,0,1,2,0,0,0,0,0,0,0,0
FALSE,"270-2013-1-230",2013,"dmp",0,0,0,0,0,0,1,0,0,0,0,0,0,1,0,0
FALSE,"270-2013-1-231",2013,"dmp",0,0,0,0,0,0,1,1,1,1,1,1,1,1,1,0
FALSE,"270-2013-1-232",2013,"dmp",0,0,0,0,0,0,1,0,0,0,0,0,0,0,0,0
FALSE,"270-2013-1-234",2013,"dmp",0,0,0,0,0,0,1,1,1,1,0,0,0,0,0,0
FALSE,"270-2013-1-238",2013,"dmp",0,0,0,0,0,0,1,1,1,1,1,1,1,1,0,0
FALSE,"270-2013-1-239",2013,"dmp",0,0,0,0,0,0,1,1,1,1,1,1,1,1,1,1
FALSE,"270-2013-1-242",2013,"dmp",0,0,0,0,0,0,1,0,0,0,0,0,0,0,0,0
FALSE,"270-2013-1-246",2013,"dmp",0,0,0,0,0,0,1,1,1,1,1,0,0,0,0,0
FALSE,"270-2013-1-249",2013,"dmp",0,0,0,0,0,0,1,0,0,0,0,0,0,0,0,0
FALSE,"270-2013-1-252",2013,"dmp",0,0,0,0,0,0,1,1,1,1,1,1,1,1,1,1
FALSE,"270-2013-1-254",2013,"dmp",0,0,0,0,0,0,1,1,1,0,0,0,0,0,0,0
FALSE,"270-2013-1-256",2013,"dmp",0,0,0,0,0,0,1,1,1,1,1,1,1,1,1,1
FALSE,"270-2013-1-257",2013,"dmp",0,0,0,0,0,0,1,0,0,0,0,0,0,0,0,0
FALSE,"270-2014-0-441",2014,"wy",0,0,0,0,0,0,0,1,2,0,0,0,0,0,0,0
FALSE,"270-2014-0-442",2014,"wy",0,0,0,0,0,0,0,1,0,0,0,0,0,0,0,0
FALSE,"270-2014-0-443",2014,"wy",0,0,0,0,0,0,0,1,1,1,1,1,1,0,0,0
FALSE,"270-2014-0-444",2014,"wy",0,0,0,0,0,0,0,1,1,1,1,1,1,1,1,1
FALSE,"270-2014-0-445",2014,"wy",0,0,0,0,0,0,0,1,0,0,0,0,0,0,0,0
FALSE,"270-2014-0-446",2014,"wy",0,0,0,0,0,0,0,1,1,1,1,1,1,1,0,0
FALSE,"270-2014-0-447",2014,"wy",0,0,0,0,0,0,0,1,1,1,1,1,1,0,0,0
FALSE,"270-2014-0-448",2014,"wy",0,0,0,0,0,0,0,1,1,1,1,0,1,0,0,0
FALSE,"270-2014-0-449",2014,"wy",0,0,0,0,0,0,0,1,1,1,1,1,1,1,1,1
FALSE,"270-2014-0-450",2014,"wy",0,0,0,0,0,0,0,1,1,1,1,1,1,1,1,1
FALSE,"270-2014-0-451",2014,"wy",0,0,0,0,0,0,0,1,1,1,1,1,1,1,1,1
FALSE,"270-2014-0-452",2014,"wy",0,0,0,0,0,0,0,1,1,1,1,1,1,1,1,1
FALSE,"270-2014-0-453",2014,"wy",0,0,0,0,0,0,0,1,1,0,1,1,1,1,1,1
FALSE,"270-2014-0-454",2014,"wy",0,0,0,0,0,0,0,1,1,1,1,1,1,0,0,0
FALSE,"270-2014-0-455",2014,"wy",0,0,0,0,0,0,0,1,1,1,1,1,1,1,1,2
FALSE,"270-2014-1-402",2014,"dmp",0,0,0,0,0,0,0,1,0,0,0,0,0,0,0,0
FALSE,"270-2014-1-403",2014,"dmp",0,0,0,0,0,0,0,1,1,1,1,1,1,1,1,1
FALSE,"270-2014-1-406",2014,"dmp",0,0,0,0,0,0,0,1,0,0,0,0,0,0,0,0
FALSE,"270-2014-1-407",2014,"dmp",0,0,0,0,0,0,0,1,1,1,1,1,1,1,1,1
FALSE,"270-2014-1-410",2014,"dmp",0,0,0,0,0,0,0,1,1,1,1,1,1,1,1,0
FALSE,"270-2014-1-411",2014,"dmp",0,0,0,0,0,0,0,1,1,1,1,1,1,1,1,1
FALSE,"270-2014-1-412",2014,"dmp",0,0,0,0,0,0,0,1,0,0,0,0,0,0,0,0
FALSE,"270-2014-1-413",2014,"dmp",0,0,0,0,0,0,0,1,0,0,0,0,0,0,0,0
FALSE,"270-2014-1-414",2014,"dmp",0,0,0,0,0,0,0,1,1,1,1,1,1,1,1,1
FALSE,"270-2014-1-416",2014,"dmp",0,0,0,0,0,0,0,1,2,0,0,0,0,0,0,0
FALSE,"270-2014-1-418",2014,"dmp",0,0,0,0,0,0,0,1,0,0,0,0,0,0,0,0
FALSE,"270-2014-1-421",2014,"dmp",0,0,0,0,0,0,0,1,0,0,0,0,0,0,0,0
FALSE,"270-2014-1-422",2014,"dmp",0,0,0,0,0,0,0,1,1,1,1,1,1,1,1,1
FALSE,"270-2014-1-423",2014,"dmp",0,0,0,0,0,0,0,1,1,1,0,0,0,0,0,0
FALSE,"270-2014-1-428",2014,"dmp",0,0,0,0,0,0,0,1,1,1,1,1,0,0,0,0
FALSE,"270-2014-1-429",2014,"dmp",0,0,0,0,0,0,0,1,0,0,0,0,0,0,0,0
FALSE,"270-2014-1-434",2014,"dmp",0,0,0,0,0,0,0,1,1,1,1,1,1,0,0,0
FALSE,"270-2014-1-438",2014,"dmp",0,0,0,0,0,0,0,1,1,1,1,1,1,1,0,0
FALSE,"270-2014-1-439",2014,"dmp",0,0,0,0,0,0,0,1,1,0,0,0,0,0,0,0
FALSE,"270-2014-1-440",2014,"dmp",0,0,0,0,0,0,0,1,1,1,1,0,0,0,0,0
FALSE,"270-2015-0-547",2015,"wy",0,0,0,0,0,0,0,0,1,1,1,1,1,1,0,0
FALSE,"270-2015-0-548",2015,"wy",0,0,0,0,0,0,0,0,1,1,0,0,0,0,0,0
FALSE,"270-2015-0-549",2015,"wy",0,0,0,0,0,0,0,0,1,1,1,1,1,1,1,1
FALSE,"270-2015-0-550",2015,"wy",0,0,0,0,0,0,0,0,1,0,0,0,0,0,0,0
FALSE,"270-2015-0-551",2015,"wy",0,0,0,0,0,0,0,0,1,1,1,1,1,1,1,1
FALSE,"270-2015-0-552",2015,"wy",0,0,0,0,0,0,0,0,1,1,1,1,1,1,1,1
FALSE,"270-2015-0-553",2015,"wy",0,0,0,0,0,0,0,0,1,1,1,1,1,1,1,1
FALSE,"270-2015-0-554",2015,"wy",0,0,0,0,0,0,0,0,1,0,0,0,0,0,0,0
FALSE,"270-2015-0-555",2015,"wy",0,0,0,0,0,0,0,0,1,1,1,1,1,1,0,0
FALSE,"270-2015-0-556",2015,"wy",0,0,0,0,0,0,0,0,1,0,0,0,0,0,0,0
FALSE,"270-2015-0-557",2015,"wy",0,0,0,0,0,0,0,0,1,1,1,1,1,1,1,1
FALSE,"270-2015-0-558",2015,"wy",0,0,0,0,0,0,0,0,1,1,1,1,1,0,0,0
FALSE,"270-2015-0-582",2015,"wy",0,0,0,0,0,0,0,0,1,1,1,1,1,1,1,0
FALSE,"270-2015-0-583",2015,"wy",0,0,0,0,0,0,0,0,1,1,1,1,1,1,1,0
FALSE,"270-2015-0-584",2015,"wy",0,0,0,0,0,0,0,0,1,0,0,0,0,0,0,0
FALSE,"270-2015-0-585",2015,"wy",0,0,0,0,0,0,0,0,1,0,0,0,0,0,0,0
FALSE,"270-2015-0-586",2015,"wy",0,0,0,0,0,0,0,0,1,1,1,1,1,1,1,1
FALSE,"270-2015-0-587",2015,"wy",0,0,0,0,0,0,0,0,1,1,0,0,0,0,0,0
FALSE,"270-2015-0-588",2015,"wy",0,0,0,0,0,0,0,0,1,1,0,0,0,0,0,0
FALSE,"270-2015-0-589",2015,"wy",0,0,0,0,0,0,0,0,1,1,1,1,1,1,1,0
FALSE,"270-2015-1-503",2015,"dmp",0,0,0,0,0,0,0,0,1,0,0,0,0,0,0,0
FALSE,"270-2015-1-504",2015,"dmp",0,0,0,0,0,0,0,0,1,0,0,0,0,0,0,0
FALSE,"270-2015-1-507",2015,"dmp",0,0,0,0,0,0,0,0,1,1,1,0,0,0,0,0
FALSE,"270-2015-1-508",2015,"dmp",0,0,0,0,0,0,0,0,1,1,1,1,1,1,1,1
FALSE,"270-2015-1-510",2015,"dmp",0,0,0,0,0,0,0,0,1,1,1,1,0,0,0,0
FALSE,"270-2015-1-516",2015,"dmp",0,0,0,0,0,0,0,0,1,1,1,1,1,1,1,1
FALSE,"270-2015-1-517",2015,"dmp",0,0,0,0,0,0,0,0,1,0,0,0,0,0,0,0
FALSE,"270-2015-1-518",2015,"dmp",0,0,0,0,0,0,0,0,1,1,1,1,1,1,1,1
FALSE,"270-2015-1-519",2015,"dmp",0,0,0,0,0,0,0,0,1,0,0,0,0,0,0,0
FALSE,"270-2015-1-520",2015,"dmp",0,0,0,0,0,0,0,0,1,1,0,0,0,0,0,0
FALSE,"270-2015-1-522",2015,"dmp",0,0,0,0,0,0,0,0,1,1,1,1,1,1,1,1
FALSE,"270-2015-1-524",2015,"dmp",0,0,0,0,0,0,0,0,1,1,1,1,1,1,1,1
FALSE,"270-2015-1-525",2015,"dmp",0,0,0,0,0,0,0,0,1,0,0,0,0,0,0,0
FALSE,"270-2015-1-527",2015,"dmp",0,0,0,0,0,0,0,0,1,0,0,0,0,0,0,0
FALSE,"270-2015-1-528",2015,"dmp",0,0,0,0,0,0,0,0,1,0,0,0,0,0,0,0
FALSE,"270-2015-1-529",2015,"dmp",0,0,0,0,0,0,0,0,1,0,0,0,0,0,0,0
FALSE,"270-2015-1-533",2015,"dmp",0,0,0,0,0,0,0,0,1,0,0,0,0,0,0,0
FALSE,"270-2015-1-534",2015,"dmp",0,0,0,0,0,0,0,0,1,0,0,0,0,0,0,0
FALSE,"270-2015-1-535",2015,"dmp",0,0,0,0,0,0,0,0,1,0,0,0,0,0,0,0
FALSE,"270-2015-1-536",2015,"dmp",0,0,0,0,0,0,0,0,1,0,0,0,0,0,0,0
FALSE,"270-2015-1-538",2015,"dmp",0,0,0,0,0,0,0,0,1,0,0,0,0,0,0,0
FALSE,"270-2015-1-540",2015,"dmp",0,0,0,0,0,0,0,0,1,0,0,0,0,0,0,0
FALSE,"270-2015-1-543",2015,"dmp",0,0,0,0,0,0,0,0,1,0,0,0,0,0,0,0
FALSE,"270-2015-1-545",2015,"dmp",0,0,0,0,0,0,0,0,1,0,0,0,0,0,0,0
FALSE,"270-2016-0-647",2016,"wy",0,0,0,0,0,0,0,0,0,1,1,0,0,0,0,0
FALSE,"270-2016-0-648",2016,"wy",0,0,0,0,0,0,0,0,0,1,1,1,0,1,1,1
FALSE,"270-2016-0-649",2016,"wy",0,0,0,0,0,0,0,0,0,1,0,0,0,0,0,0
FALSE,"270-2016-0-650",2016,"wy",0,0,0,0,0,0,0,0,0,1,1,1,1,1,1,1
FALSE,"270-2016-0-651",2016,"wy",0,0,0,0,0,0,0,0,0,1,1,1,1,1,1,1
FALSE,"270-2016-0-652",2016,"wy",0,0,0,0,0,0,0,0,0,1,2,0,0,0,0,0
FALSE,"270-2016-0-653",2016,"wy",0,0,0,0,0,0,0,0,0,1,1,1,1,1,1,1
FALSE,"270-2016-0-654",2016,"wy",0,0,0,0,0,0,0,0,0,1,1,1,1,1,1,1
FALSE,"270-2016-0-655",2016,"wy",0,0,0,0,0,0,0,0,0,1,1,1,1,0,0,0
FALSE,"270-2016-0-656",2016,"wy",0,0,0,0,0,0,0,0,0,1,0,0,0,0,0,0
FALSE,"270-2016-0-657",2016,"wy",0,0,0,0,0,0,0,0,0,1,0,0,0,0,0,0
FALSE,"270-2016-0-673",2016,"wy",0,0,0,0,0,0,0,0,0,1,1,1,1,1,0,0
FALSE,"270-2016-0-674",2016,"wy",0,0,0,0,0,0,0,0,0,1,1,0,0,0,0,0
FALSE,"270-2016-0-675",2016,"wy",0,0,0,0,0,0,0,0,0,1,1,1,1,1,1,0
FALSE,"270-2016-0-676",2016,"wy",0,0,0,0,0,0,0,0,0,1,1,1,1,1,1,1
FALSE,"270-2016-0-677",2016,"wy",0,0,0,0,0,0,0,0,0,1,1,1,1,1,1,1
FALSE,"270-2016-1-601",2016,"dmp",0,0,0,0,0,0,0,0,0,1,0,0,0,0,0,0
FALSE,"270-2016-1-602",2016,"dmp",0,0,0,0,0,0,0,0,0,1,0,0,0,0,0,0
FALSE,"270-2016-1-603",2016,"dmp",0,0,0,0,0,0,0,0,0,1,1,1,1,0,0,0
FALSE,"270-2016-1-604",2016,"dmp",0,0,0,0,0,0,0,0,0,1,0,0,0,0,0,0
FALSE,"270-2016-1-606",2016,"dmp",0,0,0,0,0,0,0,0,0,1,1,1,1,1,1,1
FALSE,"270-2016-1-607",2016,"dmp",0,0,0,0,0,0,0,0,0,1,1,1,1,1,1,1
FALSE,"270-2016-1-608",2016,"dmp",0,0,0,0,0,0,0,0,0,1,1,1,1,1,1,1
FALSE,"270-2016-1-609",2016,"dmp",0,0,0,0,0,0,0,0,0,1,0,0,0,0,0,0
FALSE,"270-2016-1-610",2016,"dmp",0,0,0,0,0,0,0,0,0,1,0,0,0,0,0,0
FALSE,"270-2016-1-613",2016,"dmp",0,0,0,0,0,0,0,0,0,1,1,1,0,0,0,0
FALSE,"270-2016-1-615",2016,"dmp",0,0,0,0,0,0,0,0,0,1,1,1,1,1,1,1
FALSE,"270-2016-1-616",2016,"dmp",0,0,0,0,0,0,0,0,0,1,0,0,0,0,0,0
FALSE,"270-2016-1-618",2016,"dmp",0,0,0,0,0,0,0,0,0,1,1,0,0,0,0,0
FALSE,"270-2016-1-619",2016,"dmp",0,0,0,0,0,0,0,0,0,1,1,1,1,0,0,0
FALSE,"270-2016-1-620",2016,"dmp",0,0,0,0,0,0,0,0,0,1,0,0,0,0,0,0
FALSE,"270-2016-1-622",2016,"dmp",0,0,0,0,0,0,0,0,0,1,1,1,1,1,1,1
FALSE,"270-2016-1-624",2016,"dmp",0,0,0,0,0,0,0,0,0,1,1,0,0,0,0,0
FALSE,"270-2016-1-627",2016,"dmp",0,0,0,0,0,0,0,0,0,1,0,0,0,0,0,0
FALSE,"270-2016-1-628",2016,"dmp",0,0,0,0,0,0,0,0,0,1,0,0,0,0,0,0
FALSE,"270-2016-1-629",2016,"dmp",0,0,0,0,0,0,0,0,0,1,0,0,0,0,0,0
FALSE,"270-2016-1-630",2016,"dmp",0,0,0,0,0,0,0,0,0,1,0,0,0,0,0,0
FALSE,"270-2016-1-631",2016,"dmp",0,0,0,0,0,0,0,0,0,1,0,0,0,0,0,0
FALSE,"270-2016-1-632",2016,"dmp",0,0,0,0,0,0,0,0,0,1,1,1,1,1,1,1
FALSE,"270-2016-1-634",2016,"dmp",0,0,0,0,0,0,0,0,0,1,1,0,0,0,0,0
FALSE,"270-2016-1-637",2016,"dmp",0,0,0,0,0,0,0,0,0,1,0,0,0,0,0,0
FALSE,"270-2016-1-640",2016,"dmp",0,0,0,0,0,0,0,0,0,1,0,0,0,0,0,0
FALSE,"270-2016-1-642",2016,"dmp",0,0,0,0,0,0,0,0,0,1,1,1,1,1,1,1
FALSE,"270-2016-1-643",2016,"dmp",0,0,0,0,0,0,0,0,0,1,1,0,1,1,1,1
FALSE,"270-2017-0-744",2017,"wy",0,0,0,0,0,0,0,0,0,0,1,1,1,0,0,0
FALSE,"270-2017-0-745",2017,"wy",0,0,0,0,0,0,0,0,0,0,1,1,1,1,1,1
FALSE,"270-2017-0-746",2017,"wy",0,0,0,0,0,0,0,0,0,0,1,0,0,0,0,0
FALSE,"270-2017-0-747",2017,"wy",0,0,0,0,0,0,0,0,0,0,1,1,1,1,1,1
FALSE,"270-2017-0-748",2017,"wy",0,0,0,0,0,0,0,0,0,0,1,1,1,1,1,1
FALSE,"270-2017-0-749",2017,"wy",0,0,0,0,0,0,0,0,0,0,1,1,1,1,1,1
FALSE,"270-2017-1-703",2017,"dmp",0,0,0,0,0,0,0,0,0,0,1,1,1,1,1,1
FALSE,"270-2017-1-704",2017,"dmp",0,0,0,0,0,0,0,0,0,0,1,0,0,0,0,0
FALSE,"270-2017-1-707",2017,"dmp",0,0,0,0,0,0,0,0,0,0,1,1,1,0,0,0
FALSE,"270-2017-1-709",2017,"dmp",0,0,0,0,0,0,0,0,0,0,1,0,0,0,0,0
FALSE,"270-2017-1-710",2017,"dmp",0,0,0,0,0,0,0,0,0,0,1,0,0,0,0,0
FALSE,"270-2017-1-711",2017,"dmp",0,0,0,0,0,0,0,0,0,0,1,1,1,1,1,1
FALSE,"270-2017-1-713",2017,"dmp",0,0,0,0,0,0,0,0,0,0,1,0,0,0,0,0
FALSE,"270-2017-1-714",2017,"dmp",0,0,0,0,0,0,0,0,0,0,1,0,0,0,0,0
FALSE,"270-2017-1-717",2017,"dmp",0,0,0,0,0,0,0,0,0,0,1,1,1,1,1,1
FALSE,"270-2017-1-719",2017,"dmp",0,0,0,0,0,0,0,0,0,0,1,1,1,1,1,1
FALSE,"270-2017-1-720",2017,"dmp",0,0,0,0,0,0,0,0,0,0,1,0,0,0,0,0
FALSE,"270-2017-1-721",2017,"dmp",0,0,0,0,0,0,0,0,0,0,1,0,0,0,0,0
FALSE,"270-2017-1-722",2017,"dmp",0,0,0,0,0,0,0,0,0,0,1,1,1,1,1,1
FALSE,"270-2017-1-726",2017,"dmp",0,0,0,0,0,0,0,0,0,0,1,0,0,0,0,0
FALSE,"270-2017-1-729",2017,"dmp",0,0,0,0,0,0,0,0,0,0,1,0,0,0,0,0
FALSE,"270-2017-1-733",2017,"dmp",0,0,0,0,0,0,0,0,0,0,1,0,0,0,0,0
FALSE,"270-2017-1-736",2017,"dmp",0,0,0,0,0,0,0,0,0,0,1,0,0,0,0,0
FALSE,"270-2017-1-737",2017,"dmp",0,0,0,0,0,0,0,0,0,0,1,0,0,0,0,0
FALSE,"270-2017-1-738",2017,"dmp",0,0,0,0,0,0,0,0,0,0,1,0,0,0,0,0
FALSE,"270-2017-1-739",2017,"dmp",0,0,0,0,0,0,0,0,0,0,1,0,0,0,0,0
FALSE,"270-2018-0-862",2018,"wy",0,0,0,0,0,0,0,0,0,0,0,1,1,1,1,1
FALSE,"270-2018-0-863",2018,"wy",0,0,0,0,0,0,0,0,0,0,0,1,1,1,0,0
FALSE,"270-2018-0-864",2018,"wy",0,0,0,0,0,0,0,0,0,0,0,1,1,1,1,1
FALSE,"270-2018-1-802",2018,"dmp",0,0,0,0,0,0,0,0,0,0,0,1,1,1,1,1
FALSE,"270-2018-1-804",2018,"dmp",0,0,0,0,0,0,0,0,0,0,0,1,0,0,0,0
FALSE,"270-2018-1-805",2018,"dmp",0,0,0,0,0,0,0,0,0,0,0,1,1,1,1,1
FALSE,"270-2018-1-806",2018,"dmp",0,0,0,0,0,0,0,0,0,0,0,1,0,0,0,0
FALSE,"270-2018-1-808",2018,"dmp",0,0,0,0,0,0,0,0,0,0,0,1,1,1,1,1
FALSE,"270-2018-1-815",2018,"dmp",0,0,0,0,0,0,0,0,0,0,0,1,1,1,1,1
FALSE,"270-2018-1-817",2018,"dmp",0,0,0,0,0,0,0,0,0,0,0,1,1,1,1,1
FALSE,"270-2018-1-818",2018,"dmp",0,0,0,0,0,0,0,0,0,0,0,1,1,1,1,1
FALSE,"270-2018-1-822",2018,"dmp",0,0,0,0,0,0,0,0,0,0,0,1,1,1,1,1
FALSE,"270-2018-1-823",2018,"dmp",0,0,0,0,0,0,0,0,0,0,0,1,0,0,0,0
FALSE,"270-2018-1-824",2018,"dmp",0,0,0,0,0,0,0,0,0,0,0,1,1,1,1,0
FALSE,"270-2018-1-825",2018,"dmp",0,0,0,0,0,0,0,0,0,0,0,1,0,0,0,0
FALSE,"270-2018-1-826",2018,"dmp",0,0,0,0,0,0,0,0,0,0,0,1,0,1,0,0
FALSE,"270-2018-1-827",2018,"dmp",0,0,0,0,0,0,0,0,0,0,0,1,0,0,0,0
FALSE,"270-2018-1-831",2018,"dmp",0,0,0,0,0,0,0,0,0,0,0,1,0,0,0,0
FALSE,"270-2018-1-832",2018,"dmp",0,0,0,0,0,0,0,0,0,0,0,1,1,1,1,1
FALSE,"270-2018-1-834",2018,"dmp",0,0,0,0,0,0,0,0,0,0,0,1,1,1,1,0
FALSE,"270-2018-1-835",2018,"dmp",0,0,0,0,0,0,0,0,0,0,0,1,0,1,1,1
FALSE,"270-2018-1-837",2018,"dmp",0,0,0,0,0,0,0,0,0,0,0,1,0,0,0,0
FALSE,"270-2018-1-839",2018,"dmp",0,0,0,0,0,0,0,0,0,0,0,1,0,0,0,0
FALSE,"270-2019-0-943",2019,"wy",0,0,0,0,0,0,0,0,0,0,0,0,1,1,1,1
FALSE,"270-2019-0-944",2019,"wy",0,0,0,0,0,0,0,0,0,0,0,0,1,1,1,1
FALSE,"270-2019-0-945",2019,"wy",0,0,0,0,0,0,0,0,0,0,0,0,1,1,1,1
FALSE,"270-2019-0-946",2019,"wy",0,0,0,0,0,0,0,0,0,0,0,0,1,1,0,0
FALSE,"270-2019-0-947",2019,"wy",0,0,0,0,0,0,0,0,0,0,0,0,1,0,0,0
FALSE,"270-2019-0-960",2019,"wy",0,0,0,0,0,0,0,0,0,0,0,0,0,0,1,0
FALSE,"270-2019-0-966",2019,"wy",0,0,0,0,0,0,0,0,0,0,0,0,1,1,0,1
FALSE,"270-2019-1-901",2019,"dmp",0,0,0,0,0,0,0,0,0,0,0,0,1,0,0,0
FALSE,"270-2019-1-903",2019,"dmp",0,0,0,0,0,0,0,0,0,0,0,0,1,0,0,0
FALSE,"270-2019-1-905",2019,"dmp",0,0,0,0,0,0,0,0,0,0,0,0,1,0,1,1
FALSE,"270-2019-1-907",2019,"dmp",0,0,0,0,0,0,0,0,0,0,0,0,1,1,0,0
FALSE,"270-2019-1-908",2019,"dmp",0,0,0,0,0,0,0,0,0,0,0,0,1,0,1,1
FALSE,"270-2019-1-909",2019,"dmp",0,0,0,0,0,0,0,0,0,0,0,0,1,1,1,1
FALSE,"270-2019-1-916",2019,"dmp",0,0,0,0,0,0,0,0,0,0,0,0,1,0,0,0
FALSE,"270-2019-1-917",2019,"dmp",0,0,0,0,0,0,0,0,0,0,0,0,1,1,1,1
FALSE,"270-2019-1-920",2019,"dmp",0,0,0,0,0,0,0,0,0,0,0,0,1,1,1,1
FALSE,"270-2019-1-923",2019,"dmp",0,0,0,0,0,0,0,0,0,0,0,0,1,1,1,1
FALSE,"270-2019-1-924",2019,"dmp",0,0,0,0,0,0,0,0,0,0,0,0,1,0,1,1
FALSE,"270-2019-1-927",2019,"dmp",0,0,0,0,0,0,0,0,0,0,0,0,1,1,1,1
FALSE,"270-2019-1-929",2019,"dmp",0,0,0,0,0,0,0,0,0,0,0,0,1,0,1,1
FALSE,"270-2019-1-930",2019,"dmp",0,0,0,0,0,0,0,0,0,0,0,0,1,0,0,0
FALSE,"270-2019-1-932",2019,"dmp",0,0,0,0,0,0,0,0,0,0,0,0,1,0,1,1
FALSE,"270-2019-1-933",2019,"dmp",0,0,0,0,0,0,0,0,0,0,0,0,1,0,1,1
FALSE,"270-2019-1-934",2019,"dmp",0,0,0,0,0,0,0,0,0,0,0,0,1,0,0,0
FALSE,"270-2019-1-935",2019,"dmp",0,0,0,0,0,0,0,0,0,0,0,0,1,0,0,0
FALSE,"270-2019-1-938",2019,"dmp",0,0,0,0,0,0,0,0,0,0,0,0,1,0,0,0
FALSE,"270-2019-1-940",2019,"dmp",0,0,0,0,0,0,0,0,0,0,0,0,1,1,1,1
FALSE,"270-2019-1-941",2019,"dmp",0,0,0,0,0,0,0,0,0,0,0,0,1,0,0,0
FALSE,"270-2020-0-2093",2020,"wy",0,0,0,0,0,0,0,0,0,0,0,0,0,1,0,0
FALSE,"270-2020-0-2094",2020,"wy",0,0,0,0,0,0,0,0,0,0,0,0,0,1,0,0
FALSE,"270-2020-0-2095",2020,"wy",0,0,0,0,0,0,0,0,0,0,0,0,0,1,1,1
FALSE,"270-2020-1-2001",2020,"dmp",0,0,0,0,0,0,0,0,0,0,0,0,0,1,1,1
FALSE,"270-2020-1-2003",2020,"dmp",0,0,0,0,0,0,0,0,0,0,0,0,0,1,0,0
FALSE,"270-2020-1-2004",2020,"dmp",0,0,0,0,0,0,0,0,0,0,0,0,0,1,0,0
FALSE,"270-2020-1-2007",2020,"dmp",0,0,0,0,0,0,0,0,0,0,0,0,0,1,0,0
FALSE,"270-2020-1-2008",2020,"dmp",0,0,0,0,0,0,0,0,0,0,0,0,0,1,0,0
FALSE,"270-2020-1-2009",2020,"dmp",0,0,0,0,0,0,0,0,0,0,0,0,0,1,1,1
FALSE,"270-2020-1-2010",2020,"dmp",0,0,0,0,0,0,0,0,0,0,0,0,0,1,0,0
FALSE,"270-2020-1-2011",2020,"dmp",0,0,0,0,0,0,0,0,0,0,0,0,0,1,1,1
FALSE,"270-2020-1-2013",2020,"dmp",0,0,0,0,0,0,0,0,0,0,0,0,0,1,0,0
FALSE,"270-2020-1-2014",2020,"dmp",0,0,0,0,0,0,0,0,0,0,0,0,0,1,0,0
FALSE,"270-2020-1-2020",2020,"dmp",0,0,0,0,0,0,0,0,0,0,0,0,0,1,1,1
FALSE,"270-2020-1-2027",2020,"dmp",0,0,0,0,0,0,0,0,0,0,0,0,0,1,1,1
FALSE,"270-2020-1-2028",2020,"dmp",0,0,0,0,0,0,0,0,0,0,0,0,0,1,1,1
FALSE,"270-2020-1-2031",2020,"dmp",0,0,0,0,0,0,0,0,0,0,0,0,0,1,0,0
FALSE,"270-2020-1-2034",2020,"dmp",0,0,0,0,0,0,0,0,0,0,0,0,0,1,1,1
FALSE,"270-2020-1-2037",2020,"dmp",0,0,0,0,0,0,0,0,0,0,0,0,0,1,0,0
FALSE,"270-2020-1-2038",2020,"dmp",0,0,0,0,0,0,0,0,0,0,0,0,0,1,0,0
FALSE,"270-2020-1-2039",2020,"dmp",0,0,0,0,0,0,0,0,0,0,0,0,0,1,1,1
FALSE,"270-2020-1-2040",2020,"dmp",0,0,0,0,0,0,0,0,0,0,0,0,0,1,1,1
FALSE,"270-2020-1-2041",2020,"dmp",0,0,0,0,0,0,0,0,0,0,0,0,0,1,1,1
FALSE,"270-2021-0-2169",2021,"wy",0,0,0,0,0,0,0,0,0,0,0,0,0,0,1,1
FALSE,"270-2021-0-2171",2021,"wy",0,0,0,0,0,0,0,0,0,0,0,0,0,0,1,0
FALSE,"270-2021-0-2172",2021,"wy",0,0,0,0,0,0,0,0,0,0,0,0,0,0,1,0
FALSE,"270-2021-1-2102",2021,"dmp",0,0,0,0,0,0,0,0,0,0,0,0,0,0,1,0
FALSE,"270-2021-1-2106",2021,"dmp",0,0,0,0,0,0,0,0,0,0,0,0,0,0,1,0
FALSE,"270-2021-1-2109",2021,"dmp",0,0,0,0,0,0,0,0,0,0,0,0,0,0,1,0
FALSE,"270-2021-1-2113",2021,"dmp",0,0,0,0,0,0,0,0,0,0,0,0,0,0,1,0
FALSE,"270-2021-1-2121",2021,"dmp",0,0,0,0,0,0,0,0,0,0,0,0,0,0,1,0
FALSE,"270-2021-1-2124",2021,"dmp",0,0,0,0,0,0,0,0,0,0,0,0,0,0,1,0
FALSE,"270-2021-1-2125",2021,"dmp",0,0,0,0,0,0,0,0,0,0,0,0,0,0,1,0
FALSE,"270-2021-1-2126",2021,"dmp",0,0,0,0,0,0,0,0,0,0,0,0,0,0,1,1
FALSE,"270-2021-1-2127",2021,"dmp",0,0,0,0,0,0,0,0,0,0,0,0,0,0,1,0
FALSE,"270-2021-1-2129",2021,"dmp",0,0,0,0,0,0,0,0,0,0,0,0,0,0,1,0
FALSE,"270-2021-1-2130",2021,"dmp",0,0,0,0,0,0,0,0,0,0,0,0,0,0,1,1
FALSE,"270-2021-1-2131",2021,"dmp",0,0,0,0,0,0,0,0,0,0,0,0,0,0,1,0
FALSE,"270-2021-1-2133",2021,"dmp",0,0,0,0,0,0,0,0,0,0,0,0,0,0,1,0
FALSE,"270-2021-1-2136",2021,"dmp",0,0,0,0,0,0,0,0,0,0,0,0,0,0,1,0
FALSE,"270-2021-1-2137",2021,"dmp",0,0,0,0,0,0,0,0,0,0,0,0,0,0,1,0
FALSE,"270-2021-1-2139",2021,"dmp",0,0,0,0,0,0,0,0,0,0,0,0,0,0,1,0
FALSE,"270-2021-1-2141",2021,"dmp",0,0,0,0,0,0,0,0,0,0,0,0,0,0,1,0
FALSE,"270-2021-1-2142",2021,"dmp",0,0,0,0,0,0,0,0,0,0,0,0,0,0,1,0
FALSE,"90-2007-0-016",2007,"ey",1,1,1,0,1,0,0,0,0,0,0,0,0,0,0,0
FALSE,"90-2007-0-017",2007,"ey",1,0,0,0,0,0,0,0,0,0,0,0,0,0,0,0
FALSE,"90-2007-0-019",2007,"ey",1,1,1,1,1,1,1,1,1,1,0,0,0,0,0,0
FALSE,"90-2007-0-024",2007,"ey",1,1,1,1,1,1,1,1,1,0,0,0,0,0,0,0
FALSE,"90-2007-0-027",2007,"ey",1,1,1,1,1,1,2,0,0,0,0,0,0,0,0,0
FALSE,"90-2007-0-029",2007,"ey",1,1,1,1,1,1,1,2,0,0,0,0,0,0,0,0
FALSE,"90-2007-0-031",2007,"ey",1,1,2,0,0,0,0,0,0,0,0,0,0,0,0,0
FALSE,"90-2007-0-032",2007,"ey",1,1,1,0,0,0,0,0,0,0,0,0,0,0,0,0
FALSE,"90-2007-0-033",2007,"ey",1,0,0,0,0,0,0,0,0,0,0,0,0,0,0,0
FALSE,"90-2007-0-035",2007,"ey",1,0,0,0,0,0,0,0,0,0,0,0,0,0,0,0
FALSE,"90-2007-0-036",2007,"ey",1,1,1,1,1,1,1,1,1,1,1,0,0,0,0,0
FALSE,"90-2007-0-038",2007,"ey",1,1,1,1,1,1,1,1,0,0,0,0,0,0,0,0
FALSE,"90-2007-0-039",2007,"ey",1,1,1,1,1,1,1,1,1,1,1,0,0,0,0,0
FALSE,"90-2007-0-040",2007,"ey",1,1,1,0,1,1,1,1,1,1,0,0,0,0,0,0
FALSE,"90-2007-0-045",2007,"ey",1,0,1,1,1,1,1,1,0,0,0,0,0,0,0,0
FALSE,"90-2007-0-046",2007,"ey",1,1,1,0,1,1,1,1,1,1,1,0,0,0,0,0
FALSE,"90-2007-0-048",2007,"ey",1,1,1,1,1,1,1,0,1,1,1,0,0,0,0,0
FALSE,"90-2007-0-049",2007,"ey",1,0,1,1,1,1,1,1,1,1,1,0,0,0,0,0
FALSE,"90-2008-0-029",2008,"ey",0,1,0,0,0,0,0,0,0,0,0,0,0,0,0,0
FALSE,"90-2008-0-032",2008,"ey",0,1,1,1,1,1,0,0,0,0,0,0,0,0,0,0
FALSE,"90-2008-0-033",2008,"ey",0,1,1,1,1,1,1,1,1,1,1,0,0,0,0,0
FALSE,"90-2008-0-034",2008,"ey",0,1,1,1,1,1,1,1,1,1,1,0,0,0,0,0
FALSE,"90-2008-0-035",2008,"ey",0,1,0,0,0,0,0,0,0,0,0,0,0,0,0,0
FALSE,"90-2008-0-037",2008,"ey",0,1,1,0,1,1,1,1,1,1,1,0,0,0,0,0
FALSE,"90-2008-0-038",2008,"ey",0,1,0,0,0,0,0,0,0,0,0,0,0,0,0,0
FALSE,"90-2008-0-039",2008,"ey",0,1,1,0,1,1,1,1,1,2,0,0,0,0,0,0
FALSE,"90-2008-0-040",2008,"ey",0,1,1,1,1,1,1,1,1,1,1,0,0,0,0,0
FALSE,"90-2008-0-041",2008,"ey",0,1,1,1,1,1,1,1,0,0,0,0,0,0,0,0
FALSE,"90-2008-0-042",2008,"ey",0,1,1,1,1,1,1,1,1,1,1,0,0,0,0,0
FALSE,"90-2008-0-052",2008,"ey",0,1,1,1,1,1,1,1,1,1,1,0,0,0,0,0
FALSE,"90-2008-0-054",2008,"ey",0,1,1,1,1,1,1,1,1,0,0,0,0,0,0,0
FALSE,"90-2008-0-055",2008,"ey",0,1,1,1,1,1,1,1,1,1,1,0,0,0,0,0
FALSE,"90-2008-0-056",2008,"ey",0,1,1,1,1,1,1,1,1,1,1,0,0,0,0,0
FALSE,"90-2008-0-057",2008,"ey",0,1,1,1,1,1,1,1,1,0,0,0,0,0,0,0
FALSE,"90-2008-0-058",2008,"ey",0,1,0,1,1,1,1,1,1,1,1,0,0,0,0,0
FALSE,"90-2008-0-059",2008,"ey",0,1,1,1,1,1,1,0,0,0,0,0,0,0,0,0
FALSE,"90-2008-0-071",2008,"ey",0,1,0,0,0,0,0,0,0,0,0,0,0,0,0,0
FALSE,"90-2009-0-051",2009,"ey",0,0,1,1,1,1,1,0,0,0,0,0,0,0,0,0
FALSE,"90-2009-0-052",2009,"ey",0,0,1,1,1,1,1,1,1,1,0,0,0,0,0,0
FALSE,"90-2009-0-053",2009,"ey",0,0,1,1,1,1,1,1,1,1,1,1,1,0,0,0
FALSE,"90-2009-0-054",2009,"ey",0,0,1,1,1,1,1,1,1,1,0,0,0,0,0,0
FALSE,"90-2009-0-055",2009,"ey",0,0,1,0,0,0,0,0,0,0,0,0,0,0,0,0
FALSE,"90-2009-0-056",2009,"ey",0,0,1,1,1,1,1,1,1,1,1,1,1,1,0,0
FALSE,"90-2009-0-057",2009,"ey",0,0,1,1,1,1,1,1,1,0,0,0,0,0,0,0
FALSE,"90-2009-0-058",2009,"ey",0,0,1,1,1,1,1,1,1,1,1,1,1,1,0,0
FALSE,"90-2009-0-059",2009,"ey",0,0,1,1,1,1,1,1,1,1,1,1,1,0,0,0
FALSE,"90-2009-0-060",2009,"ey",0,0,1,1,1,1,1,1,1,1,1,1,1,1,1,0
FALSE,"90-2009-0-061",2009,"ey",0,0,1,0,0,0,0,0,0,0,0,0,0,0,0,0
FALSE,"90-2009-0-062",2009,"ey",0,0,1,1,1,1,1,1,1,1,1,0,0,0,0,0
FALSE,"90-2009-0-063",2009,"ey",0,0,1,1,1,1,1,1,1,1,1,1,0,0,0,0
FALSE,"90-2009-0-064",2009,"ey",0,0,1,1,1,1,1,1,0,0,0,0,0,0,0,0
FALSE,"90-2009-0-066",2009,"ey",0,0,1,1,1,1,1,1,1,1,0,0,0,0,0,0
FALSE,"90-2009-0-067",2009,"ey",0,0,1,1,1,1,1,1,1,1,1,1,1,1,0,0
FALSE,"90-2009-0-068",2009,"ey",0,0,1,1,1,1,1,1,1,1,1,1,1,1,0,0
FALSE,"90-2009-0-069",2009,"ey",0,0,1,1,1,1,1,1,1,1,1,1,1,1,2,0
FALSE,"90-2009-0-070",2009,"ey",0,0,1,1,1,1,1,1,1,1,1,1,1,1,0,0
FALSE,"90-2010-0-101",2010,"ey",0,0,0,1,1,1,1,1,1,1,1,1,1,1,0,0
FALSE,"90-2010-0-102",2010,"ey",0,0,0,1,1,1,1,1,1,1,1,1,1,1,1,2
FALSE,"90-2010-0-103",2010,"ey",0,0,0,1,1,1,1,1,0,0,0,0,0,0,0,0
FALSE,"90-2010-0-104",2010,"ey",0,0,0,1,1,1,1,1,0,0,0,0,0,0,0,0
FALSE,"90-2010-0-105",2010,"ey",0,0,0,1,1,1,1,0,0,0,0,0,0,0,0,0
FALSE,"90-2010-0-106",2010,"ey",0,0,0,1,1,1,1,1,1,1,1,1,1,1,1,1
FALSE,"90-2010-0-107",2010,"ey",0,0,0,1,0,1,1,1,1,1,1,0,0,0,0,0
FALSE,"90-2010-0-108",2010,"ey",0,0,0,1,1,1,1,1,1,1,1,1,1,1,0,0
FALSE,"90-2010-0-109",2010,"ey",0,0,0,1,1,1,1,1,1,1,1,1,1,1,1,0
FALSE,"90-2010-0-110",2010,"ey",0,0,0,1,1,1,1,1,1,1,1,0,0,0,0,0
FALSE,"90-2010-0-111",2010,"ey",0,0,0,1,1,1,1,1,1,1,1,0,0,0,0,0
FALSE,"90-2010-0-112",2010,"ey",0,0,0,1,1,1,1,1,1,1,1,1,1,1,1,0
FALSE,"90-2010-0-113",2010,"ey",0,0,0,1,1,1,1,1,1,1,1,1,1,1,1,2
FALSE,"90-2010-0-114",2010,"ey",0,0,0,1,1,1,1,1,1,1,1,0,0,0,0,0
FALSE,"90-2010-0-115",2010,"ey",0,0,0,1,1,1,1,1,1,1,1,0,0,0,0,0
FALSE,"90-2011-0-351",2011,"ey",0,0,0,0,1,1,1,1,1,1,1,1,1,1,1,1
FALSE,"90-2011-0-352",2011,"ey",0,0,0,0,1,1,1,1,1,1,1,1,1,1,1,1
FALSE,"90-2011-0-353",2011,"ey",0,0,0,0,1,0,0,0,0,0,0,0,0,0,0,0
FALSE,"90-2011-0-354",2011,"ey",0,0,0,0,1,1,1,1,1,1,1,1,1,0,0,0
FALSE,"90-2011-0-355",2011,"ey",0,0,0,0,1,1,1,1,1,0,0,0,0,0,0,1
FALSE,"90-2011-0-356",2011,"ey",0,0,0,0,1,1,1,1,1,1,1,1,1,1,0,0
FALSE,"90-2011-0-357",2011,"ey",0,0,0,0,1,1,1,1,1,1,1,0,0,0,0,0
FALSE,"90-2011-0-358",2011,"ey",0,0,0,0,1,1,1,1,0,0,0,0,0,0,0,0
FALSE,"90-2011-0-359",2011,"ey",0,0,0,0,1,1,1,1,1,1,1,0,0,0,0,0
FALSE,"90-2011-0-360",2011,"ey",0,0,0,0,1,1,1,1,1,1,1,1,1,1,0,0
FALSE,"90-2011-0-361",2011,"ey",0,0,0,0,1,0,0,0,0,0,0,0,0,0,0,0
FALSE,"90-2011-0-362",2011,"ey",0,0,0,0,1,1,1,1,1,1,1,1,1,0,1,1
FALSE,"90-2011-0-363",2011,"ey",0,0,0,0,1,1,1,1,1,1,1,0,0,0,0,0
FALSE,"90-2011-0-364",2011,"ey",0,0,0,0,1,0,0,0,0,0,0,0,0,0,0,0
FALSE,"90-2011-0-365",2011,"ey",0,0,0,0,1,1,1,1,1,0,0,0,0,0,0,0
FALSE,"90-2011-0-366",2011,"ey",0,0,0,0,1,0,0,0,0,0,0,0,0,0,0,0
FALSE,"90-2011-0-367",2011,"ey",0,0,0,0,1,1,1,1,1,1,1,1,1,1,1,0
FALSE,"90-2011-0-368",2011,"ey",0,0,0,0,1,1,1,1,1,1,1,1,1,1,1,0
FALSE,"90-2011-0-369",2011,"ey",0,0,0,0,1,1,0,0,0,0,0,0,0,0,0,0
FALSE,"90-2011-0-370",2011,"ey",0,0,0,0,1,1,1,1,1,1,1,1,0,0,0,0
FALSE,"90-2012-0-001",2012,"ey",0,0,0,0,0,1,1,1,1,1,1,1,1,1,1,0
FALSE,"90-2012-0-319",2012,"ey",0,0,0,0,0,1,1,1,1,1,1,1,1,0,1,0
FALSE,"90-2012-0-320",2012,"ey",0,0,0,0,0,1,1,2,0,0,0,0,0,0,0,0
FALSE,"90-2012-0-321",2012,"ey",0,0,0,0,0,1,1,1,1,0,0,0,0,1,0,0
FALSE,"90-2012-0-322",2012,"ey",0,0,0,0,0,1,1,1,1,1,1,1,1,1,0,0
FALSE,"90-2012-0-323",2012,"ey",0,0,0,0,0,1,0,0,0,0,0,0,0,0,0,0
FALSE,"90-2012-0-324",2012,"ey",0,0,0,0,0,1,1,1,1,1,1,1,1,0,0,0
FALSE,"90-2012-0-325",2012,"ey",0,0,0,0,0,1,1,1,1,1,1,1,1,0,0,0
FALSE,"90-2012-0-326",2012,"ey",0,0,0,0,0,1,1,1,1,1,1,1,1,1,0,0
FALSE,"90-2012-0-327",2012,"ey",0,0,0,0,0,1,1,0,1,1,1,1,1,1,1,0
FALSE,"90-2012-0-328",2012,"ey",0,0,0,0,0,1,1,0,1,0,1,0,1,1,1,1
FALSE,"90-2012-0-329",2012,"ey",0,0,0,0,0,1,1,1,1,1,1,1,1,0,0,0
FALSE,"90-2012-0-346",2012,"ey",0,0,0,0,0,1,1,1,1,1,1,1,1,1,1,1
FALSE,"90-2012-0-347",2012,"ey",0,0,0,0,0,1,1,1,1,1,1,1,1,0,0,0
FALSE,"90-2012-0-348",2012,"ey",0,0,0,0,0,1,1,1,1,1,0,0,0,0,0,0
FALSE,"90-2012-0-349",2012,"ey",0,0,0,0,0,1,1,1,1,1,1,1,1,0,1,1
FALSE,"90-2012-0-350",2012,"ey",0,0,0,0,0,1,1,1,1,1,1,0,0,0,0,0
FALSE,"90-2013-0-273",2013,"ey",0,0,0,0,0,0,1,1,1,1,1,1,1,1,1,0
FALSE,"90-2013-0-274",2013,"ey",0,0,0,0,0,0,1,1,1,1,1,1,1,1,1,1
FALSE,"90-2013-0-275",2013,"ey",0,0,0,0,0,0,1,1,1,1,1,1,1,1,0,0
FALSE,"90-2013-0-276",2013,"ey",0,0,0,0,0,0,1,1,1,1,1,2,0,0,0,0
FALSE,"90-2013-0-277",2013,"ey",0,0,0,0,0,0,1,1,1,1,1,0,0,0,0,0
FALSE,"90-2013-0-278",2013,"ey",0,0,0,0,0,0,1,1,1,1,1,1,0,1,1,1
FALSE,"90-2013-0-279",2013,"ey",0,0,0,0,0,0,1,1,1,1,2,0,0,0,0,0
FALSE,"90-2013-0-280",2013,"ey",0,0,0,0,0,0,1,1,1,1,1,1,1,1,1,1
FALSE,"90-2013-0-281",2013,"ey",0,0,0,0,0,0,1,1,0,0,0,0,0,0,0,0
FALSE,"90-2013-0-282",2013,"ey",0,0,0,0,0,0,1,1,1,0,0,0,0,0,0,0
FALSE,"90-2013-0-283",2013,"ey",0,0,0,0,0,0,1,1,1,1,1,1,1,0,0,0
FALSE,"90-2013-0-284",2013,"ey",0,0,0,0,0,0,1,1,1,1,1,1,1,1,1,1
FALSE,"90-2013-0-285",2013,"ey",0,0,0,0,0,0,1,1,1,1,1,1,0,0,0,0
FALSE,"90-2013-0-286",2013,"ey",0,0,0,0,0,0,1,1,1,1,1,1,0,1,1,0
FALSE,"90-2013-0-287",2013,"ey",0,0,0,0,0,0,1,1,1,1,0,0,0,0,0,0
FALSE,"90-2013-0-288",2013,"ey",0,0,0,0,0,0,1,1,1,0,1,1,1,1,1,0
FALSE,"90-2013-0-289",2013,"ey",0,0,0,0,0,0,1,1,1,1,1,0,0,0,0,0
FALSE,"90-2013-0-290",2013,"ey",0,0,0,0,0,0,1,1,1,1,1,0,0,0,0,0
FALSE,"90-2013-0-291",2013,"ey",0,0,0,0,0,0,1,1,1,1,1,1,1,1,1,0
FALSE,"90-2013-0-292",2013,"ey",0,0,0,0,0,0,1,1,1,1,1,1,1,1,0,0
FALSE,"90-2014-0-456",2014,"ey",0,0,0,0,0,0,0,1,1,1,1,1,1,1,1,1
FALSE,"90-2014-0-457",2014,"ey",0,0,0,0,0,0,0,1,1,1,1,1,1,1,1,0
FALSE,"90-2014-0-458",2014,"ey",0,0,0,0,0,0,0,1,1,1,1,1,1,1,1,1
FALSE,"90-2014-0-459",2014,"ey",0,0,0,0,0,0,0,1,1,1,1,1,1,0,0,0
FALSE,"90-2014-0-460",2014,"ey",0,0,0,0,0,0,0,1,1,1,1,1,1,1,0,0
FALSE,"90-2014-0-461",2014,"ey",0,0,0,0,0,0,0,1,0,0,0,0,0,0,0,0
FALSE,"90-2014-0-462",2014,"ey",0,0,0,0,0,0,0,1,1,1,1,1,1,1,1,1
FALSE,"90-2014-0-463",2014,"ey",0,0,0,0,0,0,0,1,1,1,1,1,1,1,0,0
FALSE,"90-2014-0-464",2014,"ey",0,0,0,0,0,0,0,1,1,1,1,1,1,1,1,0
FALSE,"90-2014-0-465",2014,"ey",0,0,0,0,0,0,0,1,1,1,1,1,0,0,0,0
FALSE,"90-2014-0-466",2014,"ey",0,0,0,0,0,0,0,1,1,1,1,1,1,1,1,1
FALSE,"90-2014-0-467",2014,"ey",0,0,0,0,0,0,0,1,1,1,1,1,1,1,1,0
FALSE,"90-2014-0-468",2014,"ey",0,0,0,0,0,0,0,1,1,1,1,1,2,0,0,0
FALSE,"90-2014-0-469",2014,"ey",0,0,0,0,0,0,0,1,1,1,1,1,1,1,1,1
FALSE,"90-2014-0-470",2014,"ey",0,0,0,0,0,0,0,1,1,1,0,0,0,0,0,0
FALSE,"90-2014-0-471",2014,"ey",0,0,0,0,0,0,0,1,1,0,0,0,0,0,0,0
FALSE,"90-2014-0-472",2014,"ey",0,0,0,0,0,0,0,1,1,1,1,1,1,1,1,0
FALSE,"90-2014-0-473",2014,"ey",0,0,0,0,0,0,0,1,1,1,1,2,0,0,0,0
FALSE,"90-2014-0-474",2014,"ey",0,0,0,0,0,0,0,1,1,0,0,0,0,0,0,0
FALSE,"90-2014-0-475",2014,"ey",0,0,0,0,0,0,0,1,1,1,1,1,1,1,1,0
FALSE,"90-2015-0-559",2015,"ey",0,0,0,0,0,0,0,0,1,1,1,1,1,1,1,0
FALSE,"90-2015-0-561",2015,"ey",0,0,0,0,0,0,0,0,1,0,0,0,0,0,0,0
FALSE,"90-2015-0-562",2015,"ey",0,0,0,0,0,0,0,0,1,1,1,1,1,1,1,1
FALSE,"90-2015-0-563",2015,"ey",0,0,0,0,0,0,0,0,1,1,2,0,0,0,0,0
FALSE,"90-2015-0-564",2015,"ey",0,0,0,0,0,0,0,0,1,1,1,1,1,1,1,1
FALSE,"90-2015-0-565",2015,"ey",0,0,0,0,0,0,0,0,1,1,1,1,1,1,1,1
FALSE,"90-2015-0-566",2015,"ey",0,0,0,0,0,0,0,0,1,1,1,1,1,0,0,0
FALSE,"90-2015-0-567",2015,"ey",0,0,0,0,0,0,0,0,1,0,0,0,0,0,0,0
FALSE,"90-2015-0-568",2015,"ey",0,0,0,0,0,0,0,0,1,1,1,1,1,1,1,1
FALSE,"90-2015-0-569",2015,"ey",0,0,0,0,0,0,0,0,1,1,1,1,0,0,0,1
FALSE,"90-2015-0-570",2015,"ey",0,0,0,0,0,0,0,0,1,1,1,1,1,1,1,0
FALSE,"90-2015-0-571",2015,"ey",0,0,0,0,0,0,0,0,1,1,1,1,1,1,1,1
FALSE,"90-2015-0-572",2015,"ey",0,0,0,0,0,0,0,0,1,1,1,0,0,0,0,0
FALSE,"90-2015-0-573",2015,"ey",0,0,0,0,0,0,0,0,1,0,0,0,0,0,0,0
FALSE,"90-2015-0-574",2015,"ey",0,0,0,0,0,0,0,0,1,1,1,1,1,1,1,1
FALSE,"90-2015-0-575",2015,"ey",0,0,0,0,0,0,0,0,1,0,0,0,0,0,0,0
FALSE,"90-2015-0-576",2015,"ey",0,0,0,0,0,0,0,0,1,1,1,1,1,1,0,0
FALSE,"90-2015-0-577",2015,"ey",0,0,0,0,0,0,0,0,1,1,1,1,0,0,0,0
FALSE,"90-2015-0-578",2015,"ey",0,0,0,0,0,0,0,0,1,1,1,1,1,1,1,1
FALSE,"90-2015-0-579",2015,"ey",0,0,0,0,0,0,0,0,1,1,1,1,1,1,1,0
FALSE,"90-2015-0-580",2015,"ey",0,0,0,0,0,0,0,0,1,1,1,1,1,1,1,1
FALSE,"90-2015-0-581",2015,"ey",0,0,0,0,0,0,0,0,1,1,1,1,1,1,1,0
FALSE,"90-2016-0-658",2016,"ey",0,0,0,0,0,0,0,0,0,1,1,1,1,0,1,1
FALSE,"90-2016-0-659",2016,"ey",0,0,0,0,0,0,0,0,0,1,1,1,1,1,1,1
FALSE,"90-2016-0-660",2016,"ey",0,0,0,0,0,0,0,0,0,1,0,0,0,0,0,0
FALSE,"90-2016-0-661",2016,"ey",0,0,0,0,0,0,0,0,0,1,1,1,1,1,1,1
FALSE,"90-2016-0-662",2016,"ey",0,0,0,0,0,0,0,0,0,1,1,1,1,1,0,0
FALSE,"90-2016-0-663",2016,"ey",0,0,0,0,0,0,0,0,0,1,1,1,1,0,0,0
FALSE,"90-2016-0-664",2016,"ey",0,0,0,0,0,0,0,0,0,1,1,1,1,1,1,1
FALSE,"90-2016-0-665",2016,"ey",0,0,0,0,0,0,0,0,0,1,1,1,1,1,1,1
FALSE,"90-2016-0-666",2016,"ey",0,0,0,0,0,0,0,0,0,1,1,1,1,1,1,1
FALSE,"90-2016-0-667",2016,"ey",0,0,0,0,0,0,0,0,0,1,1,1,1,1,1,1
FALSE,"90-2016-0-668",2016,"ey",0,0,0,0,0,0,0,0,0,1,0,0,0,1,0,0
FALSE,"90-2016-0-669",2016,"ey",0,0,0,0,0,0,0,0,0,1,1,1,2,0,0,0
FALSE,"90-2016-0-670",2016,"ey",0,0,0,0,0,0,0,0,0,1,1,1,0,1,1,0
FALSE,"90-2016-0-671",2016,"ey",0,0,0,0,0,0,0,0,0,1,1,1,1,1,0,1
FALSE,"90-2016-0-672",2016,"ey",0,0,0,0,0,0,0,0,0,1,1,1,1,1,1,1
FALSE,"90-2017-0-776",2017,"ey",0,0,0,0,0,0,0,0,0,0,1,1,1,1,1,1
FALSE,"90-2017-0-777",2017,"ey",0,0,0,0,0,0,0,0,0,0,1,1,1,1,1,1
FALSE,"90-2017-0-778",2017,"ey",0,0,0,0,0,0,0,0,0,0,1,1,1,1,1,1
FALSE,"90-2017-0-779",2017,"ey",0,0,0,0,0,0,0,0,0,0,1,1,1,1,1,1
FALSE,"90-2017-0-780",2017,"ey",0,0,0,0,0,0,0,0,0,0,1,1,1,1,1,1
FALSE,"90-2017-0-781",2017,"ey",0,0,0,0,0,0,0,0,0,0,1,1,1,1,1,1
FALSE,"90-2017-0-782",2017,"ey",0,0,0,0,0,0,0,0,0,0,1,1,1,1,1,1
FALSE,"90-2017-0-783",2017,"ey",0,0,0,0,0,0,0,0,0,0,1,1,1,1,1,1
FALSE,"90-2017-0-784",2017,"ey",0,0,0,0,0,0,0,0,0,0,1,1,1,1,1,1
FALSE,"90-2017-0-785",2017,"ey",0,0,0,0,0,0,0,0,0,0,1,1,1,2,0,0
FALSE,"90-2017-0-786",2017,"ey",0,0,0,0,0,0,0,0,0,0,1,1,1,1,1,2
FALSE,"90-2017-0-787",2017,"ey",0,0,0,0,0,0,0,0,0,0,1,1,1,1,1,1
FALSE,"90-2018-0-851",2018,"ey",0,0,0,0,0,0,0,0,0,0,0,1,1,1,1,1
FALSE,"90-2018-0-852",2018,"ey",0,0,0,0,0,0,0,0,0,0,0,1,1,1,1,1
FALSE,"90-2018-0-853",2018,"ey",0,0,0,0,0,0,0,0,0,0,0,1,1,1,1,1
FALSE,"90-2018-0-854",2018,"ey",0,0,0,0,0,0,0,0,0,0,0,1,1,1,1,1
FALSE,"90-2018-0-855",2018,"ey",0,0,0,0,0,0,0,0,0,0,0,1,1,1,1,1
FALSE,"90-2018-0-856",2018,"ey",0,0,0,0,0,0,0,0,0,0,0,1,1,1,0,0
FALSE,"90-2018-0-857",2018,"ey",0,0,0,0,0,0,0,0,0,0,0,1,1,1,1,1
FALSE,"90-2018-0-858",2018,"ey",0,0,0,0,0,0,0,0,0,0,0,1,1,1,1,1
FALSE,"90-2018-0-859",2018,"ey",0,0,0,0,0,0,0,0,0,0,0,1,1,1,1,1
FALSE,"90-2018-0-860",2018,"ey",0,0,0,0,0,0,0,0,0,0,0,1,1,1,1,1
FALSE,"90-2018-0-861",2018,"ey",0,0,0,0,0,0,0,0,0,0,0,1,1,1,1,1
FALSE,"90-2019-0-975",2019,"ey",0,0,0,0,0,0,0,0,0,0,0,0,1,1,1,1
FALSE,"90-2019-0-976",2019,"ey",0,0,0,0,0,0,0,0,0,0,0,0,1,1,1,1
FALSE,"90-2019-0-977",2019,"ey",0,0,0,0,0,0,0,0,0,0,0,0,1,1,1,1
FALSE,"90-2019-0-978",2019,"ey",0,0,0,0,0,0,0,0,0,0,0,0,1,1,1,1
FALSE,"90-2019-0-979",2019,"ey",0,0,0,0,0,0,0,0,0,0,0,0,1,1,1,1
FALSE,"90-2019-0-980",2019,"ey",0,0,0,0,0,0,0,0,0,0,0,0,1,1,1,1
FALSE,"90-2019-0-981",2019,"ey",0,0,0,0,0,0,0,0,0,0,0,0,1,1,1,1
FALSE,"90-2019-0-982",2019,"ey",0,0,0,0,0,0,0,0,0,0,0,0,1,1,1,1
FALSE,"90-2019-0-983",2019,"ey",0,0,0,0,0,0,0,0,0,0,0,0,1,1,1,1
FALSE,"90-2019-0-984",2019,"ey",0,0,0,0,0,0,0,0,0,0,0,0,1,2,0,0
FALSE,"90-2019-0-985",2019,"ey",0,0,0,0,0,0,0,0,0,0,0,0,1,1,1,1
FALSE,"90-2019-0-986",2019,"ey",0,0,0,0,0,0,0,0,0,0,0,0,1,1,1,1
FALSE,"90-2019-0-987",2019,"ey",0,0,0,0,0,0,0,0,0,0,0,0,1,1,1,1
FALSE,"90-2020-0-2076",2020,"ey",0,0,0,0,0,0,0,0,0,0,0,0,0,1,1,1
FALSE,"90-2020-0-2077",2020,"ey",0,0,0,0,0,0,0,0,0,0,0,0,0,1,0,0
FALSE,"90-2020-0-2078",2020,"ey",0,0,0,0,0,0,0,0,0,0,0,0,0,1,1,1
FALSE,"90-2020-0-2079",2020,"ey",0,0,0,0,0,0,0,0,0,0,0,0,0,1,1,1
FALSE,"90-2020-0-2080",2020,"ey",0,0,0,0,0,0,0,0,0,0,0,0,0,1,1,1
FALSE,"90-2020-0-2081",2020,"ey",0,0,0,0,0,0,0,0,0,0,0,0,0,1,0,1
FALSE,"90-2020-0-2082",2020,"ey",0,0,0,0,0,0,0,0,0,0,0,0,0,1,1,1
FALSE,"90-2020-0-2083",2020,"ey",0,0,0,0,0,0,0,0,0,0,0,0,0,1,0,0
FALSE,"90-2020-0-2084",2020,"ey",0,0,0,0,0,0,0,0,0,0,0,0,0,1,1,1
FALSE,"90-2020-0-2085",2020,"ey",0,0,0,0,0,0,0,0,0,0,0,0,0,1,0,0
FALSE,"90-2020-0-2086",2020,"ey",0,0,0,0,0,0,0,0,0,0,0,0,0,1,1,1
FALSE,"90-2020-0-2087",2020,"ey",0,0,0,0,0,0,0,0,0,0,0,0,0,1,1,0
FALSE,"90-2020-0-2088",2020,"ey",0,0,0,0,0,0,0,0,0,0,0,0,0,1,0,0
FALSE,"90-2020-0-2089",2020,"ey",0,0,0,0,0,0,0,0,0,0,0,0,0,1,1,0
FALSE,"90-2020-0-2090",2020,"ey",0,0,0,0,0,0,0,0,0,0,0,0,0,1,1,0
FALSE,"90-2020-0-2091",2020,"ey",0,0,0,0,0,0,0,0,0,0,0,0,0,1,1,1
FALSE,"90-2020-0-2092",2020,"ey",0,0,0,0,0,0,0,0,0,0,0,0,0,1,1,1
FALSE,"90-2021-0-2176",2021,"ey",0,0,0,0,0,0,0,0,0,0,0,0,0,0,1,1
FALSE,"90-2021-0-2177",2021,"ey",0,0,0,0,0,0,0,0,0,0,0,0,0,0,1,1
FALSE,"90-2021-0-2178",2021,"ey",0,0,0,0,0,0,0,0,0,0,0,0,0,0,1,1
FALSE,"90-2021-0-2179",2021,"ey",0,0,0,0,0,0,0,0,0,0,0,0,0,0,1,1
FALSE,"90-2021-0-2180",2021,"ey",0,0,0,0,0,0,0,0,0,0,0,0,0,0,1,1
FALSE,"90-2021-0-2181",2021,"ey",0,0,0,0,0,0,0,0,0,0,0,0,0,0,1,1
FALSE,"90-2021-0-2182",2021,"ey",0,0,0,0,0,0,0,0,0,0,0,0,0,0,1,1
FALSE,"90-2021-0-2183",2021,"ey",0,0,0,0,0,0,0,0,0,0,0,0,0,0,1,1
FALSE,"90-2021-0-2184",2021,"ey",0,0,0,0,0,0,0,0,0,0,0,0,0,0,1,0
FALSE,"90-2021-0-2185",2021,"ey",0,0,0,0,0,0,0,0,0,0,0,0,0,0,1,0
FALSE,"90-2021-0-2186",2021,"ey",0,0,0,0,0,0,0,0,0,0,0,0,0,0,1,1
FALSE,"90-2021-0-2187",2021,"ey",0,0,0,0,0,0,0,0,0,0,0,0,0,0,1,1
FALSE,"90-2021-0-2188",2021,"ey",0,0,0,0,0,0,0,0,0,0,0,0,0,0,1,1
FALSE,"90-2021-0-2189",2021,"ey",0,0,0,0,0,0,0,0,0,0,0,0,0,0,1,1
FALSE,"90-2021-0-2190",2021,"ey",0,0,0,0,0,0,0,0,0,0,0,0,0,0,1,1
